cairo,c,svg-render-fuzzer pdf_surface_fuzzer surface_write_png_fuzzer raster_fuzzer text_glyphs_fuzzer
c-ares,c++,ares_parse_reply_fuzzer ares_create_query_fuzzer
c-blosc,c++,decompress_fuzzer compress_fuzzer
c-blosc2,c++,decompress_chunk_fuzzer compress_chunk_fuzzer decompress_frame_fuzzer compress_frame_fuzzer
cgif,c,cgif_fuzzer
cifuzz-example,c++,do_stuff_fuzzer
circl,c++,cryptofuzz
cjson,c++,cjson_read_fuzzer
cmake,c,xml_parser_fuzzer
cmark,c++,cmark_fuzzer
coturn,c,FuzzStunClient FuzzStun
cpp-httplib,c++,server_fuzzer
cpython3,c++,fuzz_pycompile fuzz_builtin_unicode fuzz_json_loads fuzz_elementtree_parsewhole fuzz_struct_unpack fuzz_ast_literal_eval fuzz_builtin_float fuzz_sre_match fuzz_builtin_int fuzz_sre_compile fuzz_csv_reader
croaring,c,croaring_fuzzer_cc croaring_fuzzer
crow,c++,template_fuzzer b64_fuzzer request_fuzzer
cryptofuzz,c++,cryptofuzz-boringssl-noasm cryptofuzz-openssl-noasm cryptofuzz-boringssl cryptofuzz-nss cryptofuzz-openssl
cryptsetup,c,crypt2_load_ondisk_fuzz crypt2_load_fuzz crypt2_load_proto_plain_json_fuzz
curl,c++,curl_fuzzer_http curl_fuzzer_gopher curl_fuzzer_rtsp curl_fuzzer_pop3 curl_fuzzer_https curl_fuzzer_ws curl_fuzzer curl_fuzzer_smtp curl_fuzzer_ftp curl_fuzzer_tftp curl_fuzzer_bufq curl_fuzzer_file curl_fuzzer_dict curl_fuzzer_imap fuzz_url curl_fuzzer_mqtt curl_fuzzer_smb
cyclonedds,c,fuzz_config_init fuzz_type_object fuzz_handshake fuzz_handle_rtps_message fuzz_security_deser fuzz_sample_deser
dng_sdk,c++,dng_fixed_validate_fuzzer dng_parser_fuzzer dng_camera_profile_fuzzer dng_stage_fuzzer dng_validate_fuzzer
dropbear,c++,fuzzer-client fuzzer-postauth_nomaths fuzzer-kexecdh fuzzer-pubkey fuzzer-preauth_nomaths fuzzer-verify fuzzer-cliconf fuzzer-preauth fuzzer-client_nomaths fuzzer-kexdh fuzzer-kexcurve25519
edk2,c,TestPeiUsb TestFmpAuthenticationLibRsa2048Sha256 TestFmpAuthenticationLibPkcs7 TestPartition TestUdf TestBmpSupportLib TestTpm2CommandLib
exiv2,c++,fuzz-read-print-write
file,c++,magic_fuzzer_loaddb magic_fuzzer_fd magic_fuzzer
fio,c++,fuzz_parseini
flac,c++,fuzzer_decoder fuzzer_tool_flac fuzzer_tool_metaflac fuzzer_seek fuzzer_encoder_v2 fuzzer_encoder fuzzer_metadata fuzzer_reencoder fuzzer_exo
fluent-bit,c++,flb-it-fuzz-parse_logfmt_fuzzer_OSSFUZZ flb-it-fuzz-aws_util_fuzzer_OSSFUZZ flb-it-fuzz-parse_json_fuzzer_OSSFUZZ flb-it-fuzz-flb_json_fuzzer_OSSFUZZ flb-it-fuzz-flb_mp_fuzzer_OSSFUZZ flb-it-fuzz-http_fuzzer_OSSFUZZ flb-it-fuzz-input_fuzzer_OSSFUZZ flb-it-fuzz-ctrace_fuzzer_OSSFUZZ flb-it-fuzz-signv4_fuzzer_OSSFUZZ flb-it-fuzz-fstore_fuzzer_OSSFUZZ flb-it-fuzz-config_random_fuzzer_OSSFUZZ flb-it-fuzz-parse_ltsv_fuzzer_OSSFUZZ flb-it-fuzz-cmetrics_decode_fuzz_OSSFUZZ flb-it-fuzz-config_yaml_fuzzer_OSSFUZZ flb-it-fuzz-config_map_fuzzer_OSSFUZZ flb-it-fuzz-multiline_fuzzer_OSSFUZZ flb-it-fuzz-msgpack_to_gelf_fuzzer_OSSFUZZ flb-it-fuzz-record_ac_fuzzer_OSSFUZZ flb-it-fuzz-strp_fuzzer_OSSFUZZ flb-it-fuzz-config_fuzzer_OSSFUZZ flb-it-fuzz-aws_credentials_fuzzer_OSSFUZZ flb-it-fuzz-filter_stdout_fuzzer_OSSFUZZ flb-it-fuzz-utils_fuzzer_OSSFUZZ flb-it-fuzz-parser_fuzzer_OSSFUZZ flb-it-fuzz-msgpack_parse_fuzzer_OSSFUZZ flb-it-fuzz-engine_fuzzer_OSSFUZZ flb-it-fuzz-base64_fuzzer_OSSFUZZ flb-it-fuzz-pack_json_state_fuzzer_OSSFUZZ
freetype2,c++,ftfuzzer glyphs-outlines truetype-render truetype-render-i38 cidtype1-render cidtype1 cidtype1-render-ftengine windowsfnt type42 type1-ftengine bdf lzw truetype type1-render-tar pcf cff-ftengine bdf-render type1-render type1 type1-render-ftengine cff-render truetype-render-i35 windowsfnt-render glyphs-bitmaps-pcf colrv1 bzip2 cidtype1-ftengine type42-render cff-render-ftengine cff type1-tar gzip pcf-render
gdal,c++,gtiff_fuzzer avce00_fuzzer shape_fuzzer dimap_fuzzer gmlas_fuzzer envi_fuzzer wkt_import_fuzzer mrf_fuzzer roipac_fuzzer wkb_import_fuzzer gdal_translate_fuzzer osr_set_from_user_input_fuzzer lvbag_fuzzer gdal_filesystem_fuzzer adrg_fuzzer srp_fuzzer mitab_tab_fuzzer ogr_miramon_fuzzer dxf_fuzzer gdal_vrt_fuzzer xlsx_fuzzer spatialite_geom_import_fuzzer get_jpeg2000_structure_fuzzer gdal_vector_translate_fuzzer aig_fuzzer csv_fuzzer isce_fuzzer mitab_mif_fuzzer rraster_fuzzer gtiff_mmap openfilegdb_fuzzer genbin_fuzzer filename_fuzzer ogr_filesystem_fuzzer hfa_fuzzer avcbin_fuzzer ogr_sdts_fuzzer wasp_fuzzer ods_fuzzer ers_fuzzer ehdr_fuzzer gdal_sdts_fuzzer zarr_fuzzer cad_fuzzer gdal_fuzzer gml_geom_import_fuzzer fgb_fuzzer ogr_fuzzer gml_fuzzer
gdbm,c,gdbm_fuzzer
gdk-pixbuf,c,animation_fuzzer stream_fuzzer pixbuf_cons_fuzzer pixbuf_file_fuzzer pixbuf_scale_fuzzer
gfwx,c++,fuzzer-decoder fuzzer-encoder
ghostscript,c++,gstoraster_fuzzer_all_colors gstoraster_fuzzer gs_device_pdfwrite_opts_fuzzer gs_device_pdfwrite_fuzzer gs_device_xpswrite_fuzzer gs_device_psdcmyk_fuzzer gstoraster_pdf_fuzzer gs_device_bmpmono_fuzzer gs_device_tiffsep1_fuzzer gs_device_pxlcolor_fuzzer gstoraster_ps_fuzzer gs_device_faxg3_fuzzer gs_device_pxlmono_fuzzer gs_device_eps2write_fuzzer gs_device_png16m_fuzzer gs_device_pgmraw_fuzzer gs_device_ps2write_fuzzer
giflib,c++,egif_target dgif_target dgif_protobuf_target
gnutls,c++,gnutls_ocsp_req_parser_fuzzer gnutls_handshake_server_fuzzer gnutls_server_rawpk_fuzzer gnutls_dn_parser_fuzzer gnutls_pkcs7_parser_fuzzer gnutls_ext_raw_parse_fuzzer gnutls_server_fuzzer gnutls_ocsp_resp_parser_fuzzer gnutls_client_fuzzer gnutls_x509_crq_parser_fuzzer gnutls_x509_crl_parser_fuzzer gnutls_srp_server_fuzzer gnutls_base64_decoder_fuzzer gnutls_x509_verify_fuzzer gnutls_psk_server_fuzzer gnutls_srp_client_fuzzer gnutls_private_key_parser_fuzzer gnutls_reverse_idna_parser_fuzzer gnutls_pkcs12_key_parser_fuzzer gnutls_client_rawpk_fuzzer gnutls_handshake_client_fuzzer gnutls_x509_parser_fuzzer gnutls_pkcs8_key_parser_fuzzer gnutls_idna_parser_fuzzer gnutls_set_trust_file_fuzzer gnutls_psk_client_fuzzer gnutls_base64_encoder_fuzzer
gpsd,c,FuzzJson FuzzPacket
grok,c++,grk_decompress_fuzzer
guetzli,c++,guetzli_fuzzer
h2o,c++,h2o-fuzzer-url h2o-fuzzer-http2 h2o-fuzzer-http3 h2o-fuzzer-http1
hdf5,c,h5_read_fuzzer h5_extended_fuzzer
hermes,c++,fuzzer-jsi-entry
hoextdown,c++,hoedown_fuzzer
hostap,c++,eap-mschapv2-peer eap-sim-peer eap-aka-peer eapol-key-auth sae tls-client eapol-supp pasn-resp x509 asn1 ap-mgmt eapol-key-supp p2p wnm tls-server pasn-init dpp-uri json
hpn-ssh,c++,sshsig_fuzz sig_fuzz kex_fuzz pubkey_fuzz authopt_fuzz privkey_fuzz agent_fuzz sshsigopt_fuzz
icu,c++,ucasemap_fuzzer plurrule_fuzzer unicode_string_codepage_create_fuzzer collator_compare_fuzzer uregex_match_fuzzer date_format_fuzzer date_time_pattern_generator_fuzzer uloc_is_right_to_left_fuzzer time_zone_names_fuzzer uregex_open_fuzzer break_iterator_fuzzer number_format_fuzzer relative_date_time_formatter_fuzzer uloc_get_name_fuzzer normalizer2_fuzzer list_format_fuzzer uprop_fuzzer collator_rulebased_fuzzer locale_fuzzer calendar_fuzzer number_formatter_fuzzer converter_fuzzer dtfmtsym_fuzzer uloc_for_language_tag_fuzzer unicodeset_fuzzer ubidi_fuzzer rule_based_break_iterator_fuzzer locale_morph_fuzzer timezone_create_fuzzer uloc_canonicalize_fuzzer uloc_open_keywords_fuzzer
igraph,c,write_all_gml read_dimacs_flow vertex_separators misc_algos_weighted weighted_community read_ncol read_lgl centrality read_pajek read_dl misc_algos basic_properties_directed read_gml linear_algos_undirected edge_connectivity weighted_centrality read_graphml community write_all_graphml bliss linear_algos_directed read_graphdb read_edgelist basic_properties_undirected vertex_connectivity
inih,c,inihfuzz
jansson,c++,json_load_dump_fuzzer
janus-gateway,c++,rtp_fuzzer sdp_fuzzer rtcp_fuzzer
jbig2dec,c++,jbig2_fuzzer
jq,c,jq_fuzz_fixed jq_fuzz_load_file jq_fuzz_compile jq_fuzz_parse_extended jq_fuzz_execute jq_fuzz_parse_stream jq_fuzz_parse
karchive,c++,karchive_fuzzer
kcodecs,c++,kcodecs_fuzzer
kimageformats,c++,kimgio_exr_fuzzer kimgio_jxl_fuzzer kimgio_psd_fuzzer kimgio_xcf_fuzzer kimgio_avif_fuzzer kimgio_hdr_fuzzer kimgio_tga_fuzzer kimgio_rgb_fuzzer kimgio_pcx_fuzzer kimgio_heif_fuzzer kimgio_raw_fuzzer kimgio_pic_fuzzer kimgio_ras_fuzzer kimgio_ora_fuzzer kimgio_ani_fuzzer kimgio_kra_fuzzer kimgio_qoi_fuzzer
knot-dns,c++,fuzz_dname_to_str fuzz_dname_from_str fuzz_zscanner fuzz_packet
krb5,c,fuzz_json fuzz_chpw fuzz_marshal_cred fuzz_ndr fuzz_marshal_princ fuzz_profile fuzz_pac fuzz_gss fuzz_krb5_ticket fuzz_util fuzz_krad
lame,c++,fuzzer-encoder
lcms,c++,cms_transform_all_fuzzer cms_gdb_fuzzer cms_cie_cam02_fuzzer cmsIT8_load_fuzzer cms_devicelink_fuzzer cms_virtual_profile_fuzzer cms_profile_fuzzer cms_cgats_fuzzer cms_transform_fuzzer cms_universal_transform_fuzzer cms_transform_extended_fuzzer cms_overwrite_transform_fuzzer cms_postscript_fuzzer cms_dict_fuzzer cms_md5_fuzzer
leptonica,c++,pix_rotate_shear_fuzzer graphics_fuzzer barcode_fuzzer flipdetect_fuzzer maze_fuzzer pix3_fuzzer pageseg_fuzzer grayquant_fuzzer morphapp_fuzzer pix_orient_fuzzer kernel_fuzzer pix1_fuzzer compare_fuzzer bilinear_fuzzer paintcmap_fuzzer pixconv_fuzzer morph_fuzzer pix4_fuzzer blend_fuzzer fpix2_fuzzer jpegiostub_fuzzer colorquant_fuzzer finditalic_fuzzer enhance_fuzzer affine_fuzzer recog_basic_fuzzer adaptmap_fuzzer binarize_fuzzer bilateral_fuzzer classapp_fuzzer boxfunc3_fuzzer ccbord_fuzzer mask_fuzzer boxfunc_fuzzer checkerboard_fuzzer fhmtgen_fuzzer ccthin_fuzzer colorfill_fuzzer pixa_recog_fuzzer boxfunc4_fuzzer edge_fuzzer graymorph_fuzzer dewarp_fuzzer boxfunc5_fuzzer baseline_fuzzer
libaom,c++,av1_dec_fuzzer
libarchive,c++,libarchive_fuzzer
libavc,c++,svc_dec_fuzzer avc_dec_fuzzer mvc_dec_fuzzer svc_enc_fuzzer avc_enc_fuzzer
libbpf,c,bpf-object-fuzzer
libcue,c,fuzz
libdwarf,c,fuzz_die_cu_e fuzz_rng fuzz_die_cu fuzz_globals fuzz_srcfiles fuzz_stack_frame_access fuzz_xuindex fuzz_macro_dwarf5 fuzz_simplereader_tu fuzz_showsectgrp fuzz_crc_32 fuzz_tie fuzz_debug_addr_access fuzz_die_cu_offset fuzz_str_offsets fuzz_set_frame_all fuzz_debug_str fuzz_die_cu_attrs fuzz_aranges fuzz_die_cu_e_print fuzz_die_cu_print fuzz_macro_dwarf4 fuzz_init_binary fuzz_gnu_index fuzz_init_b fuzz_init_path fuzz_debuglink fuzz_gdbindex fuzz_crc fuzz_findfuncbypc fuzz_dnames fuzz_die_cu_info1 fuzz_die_cu_attrs_loclist
libexif,c++,exif_loader_fuzzer exif_from_data_fuzzer
libfido2,c++,fuzz_bio fuzz_assert fuzz_pcsc fuzz_attobj fuzz_netlink fuzz_credman fuzz_largeblob fuzz_cred fuzz_hid fuzz_mgmt
libgd,c++,gd2_target jpeg_target tiff_target gif_target png_target gd_image_string_fuzzer wbmp_target tga_target webp_target bmp_target gd_target
libheif,c++,encoder_fuzzer file_fuzzer box_fuzzer color_conversion_fuzzer
libhevc,c++,hevc_enc_fuzzer hevc_dec_fuzzer
libical,c++,libical_extended_fuzzer libical_fuzzer
libidn,c++,libidn_stringprep_fuzzer libidn_toascii_fuzzer libidn_tounicode_fuzzer
libidn2,c++,libidn2_register_fuzzer libidn2_to_unicode_8z8z_fuzzer libidn2_to_ascii_8z_fuzzer
libjpeg-turbo,c,compress_yuv_fuzzer_dev libjpeg_turbo_fuzzer_2_1_x compress12_lossless_fuzzer decompress_yuv_fuzzer compress12_fuzzer_dev cjpeg_fuzzer_2_1_x compress12_fuzzer transform_fuzzer_dev cjpeg_fuzzer_dev compress_lossless_fuzzer_dev compress_fuzzer_dev compress_yuv_fuzzer compress16_lossless_fuzzer_dev compress_lossless_fuzzer decompress_yuv_fuzzer_dev compress_yuv_fuzzer_2_1_x transform_fuzzer transform_fuzzer_2_1_x libjpeg_turbo_fuzzer_dev libjpeg_turbo_fuzzer decompress_yuv_fuzzer_2_1_x compress16_lossless_fuzzer compress12_lossless_fuzzer_dev compress_fuzzer cjpeg_fuzzer compress_fuzzer_2_1_x
libjxl,c++,streaming_fuzzer fields_fuzzer transforms_fuzzer rans_fuzzer decode_basic_info_fuzzer color_encoding_fuzzer icc_codec_fuzzer jpegli_dec_fuzzer set_from_bytes_fuzzer djxl_fuzzer cjxl_fuzzer
libldac,c++,libldac_encode_fuzzer
liblouis,c,fuzz_backtranslate table_fuzzer fuzz_translate_generic
libmodbus,c,FuzzServer FuzzClient
libmpeg2,c++,mpeg2_dec_fuzzer
libplist,c++,oplist_fuzzer jplist_fuzzer xplist_fuzzer bplist_fuzzer
libpsl,c++,libpsl_icu_fuzzer libpsl_icu_load_fuzzer libpsl_idn2_load_fuzzer libpsl_idn2_fuzzer libpsl_load_fuzzer libpsl_icu_load_dafsa_fuzzer libpsl_idn_fuzzer libpsl_idn_load_dafsa_fuzzer libpsl_fuzzer libpsl_idn2_load_dafsa_fuzzer libpsl_idn_load_fuzzer libpsl_load_dafsa_fuzzer
libraw,c++,libraw_fuzzer libraw_raf_fuzzer libraw_cr2_fuzzer libraw_nef_fuzzer
libreoffice,c++,zipfuzzer xlsxfuzzer schtmlfuzzer tgafuzzer jpgfuzzer pngfuzzer mmlfuzzer hwpfuzzer htmlfuzzer rtffuzzer fodtfuzzer ww8fuzzer epsfuzzer xpmfuzzer wksfuzzer ww6fuzzer dxffuzzer 602fuzzer psdfuzzer xbmfuzzer ppmfuzzer dbffuzzer scrtffuzzer mtpfuzzer fodpfuzzer qpwfuzzer svmfuzzer svgfuzzer tiffuzzer slkfuzzer bmpfuzzer pptxfuzzer wmffuzzer ww2fuzzer sftfuzzer pctfuzzer metfuzzer webpfuzzer pcxfuzzer pcdfuzzer cgmfuzzer giffuzzer pptfuzzer fods2xlsfuzzer fodt2pdffuzzer docxfuzzer xlsfuzzer lwpfuzzer olefuzzer rasfuzzer diffuzzer fodsfuzzer
libressl,c++,client x509 asn1 server crl bignum conf cryptofuzz cms asn1parse bndiv
libspectre,c++,spectre_read_fuzzer
libspng,c++,spng_read_fuzzer_structure_aware spng_write_fuzzer spng_read_fuzzer
libsrtp,c++,srtp-fuzzer
libssh,c,ssh_client_fuzzer ssh_server_fuzzer ssh_client_config_fuzzer ssh_pubkey_fuzzer ssh_known_hosts_fuzzer ssh_bind_config_fuzzer ssh_privkey_fuzzer
libtasn1,c++,asn1_get_object_id_der_fuzzer libtasn1_parser2tree_fuzzer libtasn1_pkix_der_fuzzer libtasn1_gnutls_der_fuzzer libtasn1_array2tree_fuzzer asn1_decode_simple_ber_fuzzer asn1_get_length_der_fuzzer asn1_get_length_ber_fuzzer asn1_decode_simple_der_fuzzer
libtiff,c++,tiff_read_rgba_fuzzer
libtorrent,c++,http_parser dht_node http_tracker bdecode_node peer_conn add_torrent file_storage_add_file torrent_info session_params upnp utp resume_data sanitize_path
libtpms,c++,fuzz
libvnc,c++,fuzz_server
libvpx,c++,vpx_dec_fuzzer_vp9 vpx_dec_fuzzer_vp8
libxls,c++,fuzz_xls
libxlsxwriter,c,xlsx_fuzzer
libxml2,c++,reader html valid regexp lint xml xpath xinclude uri api schema
libxslt,c++,xpath xslt
libyal,c,libesedb_record_fuzzer libhmac_sha1_context_fuzzer libregf_key_fuzzer libfwsi_item_list_fuzzer libfwevt_manifest_fuzzer libfwnt_lzxpress_huffman_fuzzer libfmapi_lzfu_fuzzer libfsxfs_extended_attribute_fuzzer libhmac_md5_context_fuzzer libftxf_record_fuzzer libfcrypto_crypt_des3_ecb_fuzzer libfsext_volume_fuzzer libvsmbr_partition_fuzzer libolecf_file_fuzzer libfshfs_extended_attribute_fuzzer libfsapfs_file_entry_fuzzer libesedb_column_fuzzer libvsgpt_partition_fuzzer libcreg_file_fuzzer libfsntfs_volume_fuzzer libfwps_store_fuzzer libevt_file_fuzzer libodraw_handle_fuzzer libexe_file_fuzzer libwrc_version_information_resource_fuzzer libwrc_mui_resource_fuzzer libbde_volume_fuzzer libfcrypto_crypt_blowfish_ecb_fuzzer libluksde_volume_fuzzer libnk2_file_fuzzer libfsfat_volume_fuzzer libfwnt_lzx_fuzzer libwrc_string_table_resource_fuzzer libfsxfs_file_entry_fuzzer libscca_file_fuzzer libregf_file_fuzzer libwrc_manifest_resource_fuzzer libcreg_key_fuzzer libfwsi_item_fuzzer libfsapfs_volume_fuzzer libagdb_file_fuzzer libregf_value_fuzzer libfsxfs_volume_fuzzer libfwnt_lzxpress_fuzzer libwrc_stream_fuzzer libvsgpt_volume_fuzzer libfmos_lzfse_fuzzer libfplist_property_list_fuzzer libphdi_handle_fuzzer libhmac_sha512_context_fuzzer libcaes_crypt_ccm_fuzzer libhmac_sha256_context_fuzzer libfcrypto_crypt_blowfish_cbc_fuzzer libvsapm_volume_fuzzer libvslvm_logical_volume_fuzzer libfcrypto_crypt_serpent_ecb_fuzzer libmsiecf_file_fuzzer libfsapfs_container_fuzzer libfshfs_file_entry_fuzzer libvshadow_volume_fuzzer libcaes_crypt_xts_fuzzer libfsntfs_mft_metadata_file_fuzzer libfmos_adc_fuzzer libqcow_file_fuzzer libfmapi_one_off_entry_identifier_fuzzer libfwnt_security_descriptor_fuzzer libfcrypto_crypt_serpent_cbc_fuzzer libevtx_file_fuzzer libsmraw_handle_fuzzer libfwnt_security_identifier_fuzzer libvsbsdl_partition_fuzzer libolecf_item_fuzzer libesedb_file_fuzzer libfmos_lzvn_fuzzer libfwnt_lznt1_fuzzer libcaes_crypt_cbc_fuzzer libfusn_record_fuzzer libevt_record_fuzzer libfmapi_entry_identifier_fuzzer libpff_item_fuzzer libvhdi_file_fuzzer libvslvm_handle_fuzzer libesedb_table_fuzzer libfsapfs_extended_attribute_fuzzer libfsext_extended_attribute_fuzzer libmodi_handle_fuzzer libfsext_file_entry_fuzzer libfvde_volume_fuzzer libhmac_sha224_context_fuzzer libpff_file_fuzzer libfshfs_volume_fuzzer libcaes_crypt_ecb_fuzzer libfcrypto_crypt_des3_cbc_fuzzer libmdmp_file_fuzzer libmsiecf_item_fuzzer libvmdk_handle_fuzzer libvsbsdl_volume_fuzzer libfwps_set_fuzzer liblnk_file_fuzzer libfcrypto_crypt_rc4_fuzzer libfwps_record_fuzzer libvsapm_partition_fuzzer libwrc_message_table_resource_fuzzer libpff_record_set_fuzzer libfsntfs_file_entry_fuzzer libcreg_value_fuzzer libewf_handle_fuzzer libfsfat_file_entry_fuzzer libevtx_record_fuzzer libvsmbr_volume_fuzzer libfwevt_xml_document_fuzzer libfplist_property_fuzzer
libyaml,c++,libyaml_parser_fuzzer libyaml_emitter_fuzzer libyaml_deconstructor_alt_fuzzer libyaml_deconstructor_fuzzer libyaml_reformatter_alt_fuzzer libyaml_scanner_fuzzer libyaml_loader_fuzzer libyaml_reformatter_fuzzer libyaml_dumper_fuzzer
libzip,c++,zip_read_file_fuzzer zip_read_fuzzer zip_write_encrypt_pkware_file_fuzzer zip_write_encrypt_aes256_file_fuzzer
libzmq,c++,test_bind_fuzzer test_connect_stream_fuzzer test_connect_ws_fuzzer test_socket_options_fuzzer test_bind_ws_fuzzer test_z85_decode_fuzzer test_connect_curve_fuzzer test_bind_null_fuzzer test_connect_null_fuzzer test_bind_curve_fuzzer test_bind_stream_fuzzer test_connect_fuzzer
llamacpp,c++,fuzz_tokenizer_spm fuzz_json_to_grammar fuzz_tokenizer_bpe fuzz_load_model fuzz_tokenizer_bge fuzz_tokenizer_baichuan fuzz_tokenizer_command_r fuzz_tokenizer_deepseek_coder fuzz_tokenizer_gpt_2 fuzz_tokenizer_qwen2 fuzz_tokenizer_falcon fuzz_tokenizer_aquila fuzz_grammar
lldpd,c,fuzz_edp fuzz_sonmp fuzz_lldp fuzz_cdp
llvm,c++,clang-fuzzer llvm-opt-fuzzer--x86_64-loop_predication llvm-isel-fuzzer--x86_64-O2 llvm-opt-fuzzer--x86_64-lower_matrix_intrinsics llvm-isel-fuzzer--wasm32-O2 llvm-isel-fuzzer--ppc64-O2 llvm-opt-fuzzer--x86_64-loop_unswitch llvm-opt-fuzzer--x86_64-reassociate llvm-opt-fuzzer--x86_64-licm llvm-opt-fuzzer--x86_64-guard_widening llvm-opt-fuzzer--x86_64-indvars llvm-isel-fuzzer--arm-O2 llvm-opt-fuzzer--x86_64-irce llvm-opt-fuzzer--x86_64-gvn llvm-isel-fuzzer--bpf-O2 llvm-itanium-demangle-fuzzer llvm-object-yaml-fuzzer llvm-opt-fuzzer--x86_64-memcpyopt llvm-parse-assembly-fuzzer llvm-isel-fuzzer--nvptx-O2 llvm-opt-fuzzer--x86_64-sccp llvm-yaml-numeric-parser-fuzzer llvm-opt-fuzzer--x86_64-strength_reduce llvm-isel-fuzzer--riscv64-O2 llvm-opt-fuzzer--x86_64-simplifycfg llvm-isel-fuzzer--ve-O2 llvm-microsoft-demangle-fuzzer clang-objc-fuzzer llvm-isel-fuzzer--mips64-O2 llvm-opt-fuzzer--x86_64-sroa llvm-opt-fuzzer--x86_64-instcombine llvm-dwarfdump-fuzzer llvm-isel-fuzzer--aarch64-O2 llvm-opt-fuzzer--x86_64-dse vfabi-demangler-fuzzer llvm-dis-fuzzer llvm-dlang-demangle-fuzzer llvm-opt-fuzzer--x86_64-earlycse llvm-yaml-parser-fuzzer llvm-symbol-reader-fuzzer llvm-opt-fuzzer--x86_64-loop_vectorize llvm-isel-fuzzer--aarch64-gisel llvm-rust-demangle-fuzzer clang-pseudo-fuzzer clang-format-fuzzer llvm-special-case-list-fuzzer llvm-opt-fuzzer--x86_64-loop_idiom llvm-isel-fuzzer--hexagon-O2
lodepng,c++,lodepng_fuzzer
lua,c,luaL_gsub_test luaL_traceback_test luaL_loadbuffer_proto_test luaL_bufflen_test luaL_buffaddr_test fuzz_lua luaL_addgsub_test lua_load_test luaL_loadbufferx_test luaL_buffsub_test torture_test lua_stringtonumber_test
lwan,c++,pattern_fuzzer template_fuzzer h2_huffman_fuzzer config_fuzzer request_fuzzer
lzma,c++,filters_fuzzer lzmaenc_fuzzer lzma2dec_fuzzer xzdec_fuzzer lzma2enc_fuzzer 7z_fuzzer ppmdenc_fuzzer lzmadec_fuzzer xzenc_fuzzer
lzo,c++,all_lzo_compress lzo_decompress_target lzo_compress_target
matio,c++,matio_fuzzer
mbedtls,c++,fuzz_pubkey usepsa-fuzz_client usepsa-fuzz_privkey fuzz_x509crl usepsa-fuzz_x509crt fuzz_dtlsclient usepsa-fuzz_pubkey fuzz_privkey fuzz_x509csr fuzz_x509crt usepsa-fuzz_server usepsa-fuzz_pkcs7 usepsa-fuzz_x509crl fuzz_pkcs7 fuzz_dtlsserver fuzz_server usepsa-fuzz_x509csr usepsa-fuzz_dtlsserver fuzz_client usepsa-fuzz_dtlsclient
mdbtools,c,fuzz_mdb
mercurial,c++,dirs_fuzzer jsonescapeu8fast_fuzzer manifest_fuzzer fm1readmarkers_fuzzer mpatch_fuzzer xdiff_fuzzer dirstate_fuzzer revlog_fuzzer fncache_fuzzer bdiff_fuzzer
miniz,c,small_fuzzer uncompress2_fuzzer compress_fuzzer flush_fuzzer checksum_fuzzer large_fuzzer uncompress_fuzzer zip_fuzzer
minizip,c++,unzip_fuzzer zip_fuzzer
monero,c++,bulletproof_fuzz_tests cold-transaction_fuzz_tests http-client_fuzz_tests transaction_fuzz_tests load-from-json_fuzz_tests block_fuzz_tests tx-extra_fuzz_tests base58_fuzz_tests load-from-binary_fuzz_tests levin_fuzz_tests parse-url_fuzz_tests cold-outputs_fuzz_tests signature_fuzz_tests
mosh,c++,terminal_parser_fuzzer terminal_fuzzer
mruby,c++,mruby_fuzzer mruby_proto_fuzzer
msgpack-c,c++,unpack_pack_fuzzer
ms-tpm-20-ref,c,tpm_cmd
mupdf,c++,pdf_fuzzer
ndpi,c++,fuzz_alg_ses_des fuzz_ds_bitmap64_fuse fuzz_ds_cmsketch fuzz_ds_tree fuzz_alg_hw_rsi_outliers_da fuzz_is_stun_tcp fuzz_filecfg_malicious_sha1 fuzz_alg_crc32_md5 fuzz_process_packet fuzz_filecfg_config fuzz_alg_bytestream fuzz_ds_domain_classify fuzz_alg_memmem fuzz_community_id fuzz_alg_shoco fuzz_gcrypt_cipher fuzz_ndpi_reader_pl7m fuzz_filecfg_category fuzz_ds_patricia fuzz_ndpi_reader_pl7m_internal fuzz_ds_libcache fuzz_alg_bins fuzz_filecfg_malicious_ja3 fuzz_gcrypt_light fuzz_alg_strnstr fuzz_alg_hll fuzz_binaryfusefilter fuzz_filecfg_categories fuzz_ds_ptree fuzz_ndpi_reader_alloc_fail fuzz_config fuzz_readerutils_parseprotolist fuzz_filecfg_protocols fuzz_gcrypt_gcm fuzz_dga fuzz_is_stun_udp fuzz_ndpi_reader_pl7m_simplest_internal fuzz_quic_get_crypto_data fuzz_filecfg_risk_domains fuzz_ds_hash fuzz_gcrypt_aes fuzz_ds_ahocorasick fuzz_ndpi_reader_payload_analyzer fuzz_tls_certificate fuzz_readerutils_workflow fuzz_ndpi_reader fuzz_alg_jitter fuzz_libinjection fuzz_serialization fuzz_ndpi_reader_pl7m_64k fuzz_ndpi_reader_pl7m_simplest
neomutt,c++,address-fuzz
nestegg,c++,fuzz
net-snmp,c++,agentx_parse_fuzzer snmp_parse_fuzzer snmp_pdu_parse_fuzzer snmp_print_var_fuzzer snmp_e2e_fuzzer snmp_agent_e2e_fuzzer snmp_config_mem_fuzzer snmp_transport_fuzzer snmp_config_fuzzer snmp_parse_oid_fuzzer read_objid_fuzzer parse_octet_hint_fuzzer snmp_api_fuzzer snmp_mib_fuzzer snmp_scoped_pdu_parse_fuzzer
nettle,c++,cryptofuzz-nettle-with-mini-gmp cryptofuzz-nettle-with-libgmp
ninja,c++,fuzzer
njs,c++,njs_process_script_fuzzer
nokogiri,c,parse_fuzzer
ntopng,c++,fuzz_dissect_packet
ntpsec,c,FuzzExtens FuzzServer FuzzClient
open62541,c++,fuzz_base64_decode fuzz_mdns_xht fuzz_json_decode fuzz_binary_decode fuzz_binary_message fuzz_json_decode_encode fuzz_base64_encode fuzz_mdns_message fuzz_src_ua_util fuzz_tcp_message
opendnp3,c++,fuzzoutstation fuzzdecoder fuzzmaster
openjpeg,c++,opj_decompress_fuzzer_JP2 opj_decompress_fuzzer_J2K
opennavsurf-bag,c++,bag_read_fuzzer bag_extended_fuzzer
opensc,c++,fuzz_pkcs15_decode fuzz_scconf_parse_string fuzz_pkcs15_encode fuzz_pkcs15init fuzz_pkcs15_reader fuzz_pkcs15_crypt fuzz_asn1_print fuzz_asn1_sig_value fuzz_pkcs15_tool fuzz_piv_tool fuzz_card fuzz_pkcs11
openssh,c++,sshsig_fuzz sig_fuzz kex_fuzz pubkey_fuzz authopt_fuzz privkey_fuzz agent_fuzz sshsigopt_fuzz
openssl,c++,conf_32 decoder client punycode_32 v3name ct_32 x509_32 decoder_32 punycode bignum_30 provider x509_30 cms_31 bndiv_31 pem_32 smime_32 ct_31 asn1parse_30 server conf client_31 client_32 crl_32 hashtable v3name_32 ct_30 cmp_31 bignum_32 acert asn1_30 server_30 bndiv_32 crl_30 ct quic-lcidm asn1_32 quic-client_32 dtlsserver dtlsclient smime x509 x509_31 bndiv_30 cmp_30 crl quic-client quic-rcidm cms_30 cms_32 crl_31 cmp_32 quic-srtm punycode_31 server_32 asn1parse_32 asn1 cmp bignum server_31 conf_31 bignum_31 cms asn1_31 asn1parse_31 asn1parse pem client_30 bndiv conf_30
openvswitch,c++,odp_target miniflow_target ofp_print_target json_parser_target flow_extract_target ofctl_parse_target
openweave,c++,FuzzPASEInitiatorStep2 FuzzCertificateConversion FuzzPASEKeyConfirm FuzzPASEResponderStep1 FuzzPASEResponderStep2 FuzzPASEInitiatorStep1
opus,c++,opus_multistream_decode_fuzzer_floating opus_projection_decoder_fuzzer_floating opus_multistream_encode_fuzzer_floating opus_encode_fuzzer_floating opus_projection_encoder_fuzzer_fixed opus_repacketizer_fuzzer_fixed opus_multistream_decode_fuzzer_fixed opus_projection_decoder_fuzzer_fixed opus_repacketizer_fuzzer_floating opus_projection_encoder_fuzzer_floating opus_multistream_encode_fuzzer_fixed opus_encode_fuzzer_fixed
p11-kit,c,rpc_fuzzer
pcapplusplus,c++,FuzzTargetNg FuzzTargetSnoop FuzzTarget FuzzWriter FuzzWriterNg
pcl,c++,ply_reader_fuzzer
pffft,c++,pffft_real_fuzzer pffft_complex_fuzzer
php,c++,php-fuzz-json php-fuzz-parser php-fuzz-execute php-fuzz-exif php-fuzz-tracing-jit php-fuzz-unserialize php-fuzz-unserializehash php-fuzz-function-jit
picotls,c++,fuzz-server-hello fuzz-client-hello
pjsip,c,fuzz-sip fuzz-rtcp fuzz-h264 fuzz-vpx fuzz-json fuzz-sdp fuzz-xml fuzz-uri fuzz-http fuzz-stun fuzz-crypto fuzz-dns fuzz-url
poppler,c++,label_fuzzer page_label_fuzzer qt_search_fuzzer pdf_fuzzer page_search_fuzzer pdf_file_fuzzer doc_fuzzer qt_textbox_fuzzer annot_fuzzer doc_attr_fuzzer qt_annot_fuzzer pdf_draw_fuzzer util_fuzzer qt_label_fuzzer qt_pdf_fuzzer find_text_fuzzer
powerdns,c++,fuzz_target_dnslabeltext_parseRFC1035CharString fuzz_target_moadnsparser fuzz_target_dnsdistcache fuzz_target_packetcache fuzz_target_yahttp fuzz_target_proxyprotocol fuzz_target_zoneparsertng
pugixml,c++,fuzz_parse fuzz_xpath
pupnp,c,FuzzIxml
python3-libraries,c,fuzzer-email fuzzer-json fuzzer-httpclient fuzzer-ast fuzzer-difflib fuzzer-html fuzzer-csv fuzzer-decode
qpdf,c++,future_qpdf_fuzzer future_dct_fuzzer lzw_fuzzer pngpredictor_fuzzer future_pngpredictor_fuzzer runlength_fuzzer future_json_fuzzer future_tiffpredictor_fuzzer flate_fuzzer future_runlength_fuzzer qpdf_fuzzer ascii85_fuzzer json_fuzzer future_hex_fuzzer hex_fuzzer tiffpredictor_fuzzer future_ascii85_fuzzer future_flate_fuzzer future_lzw_fuzzer dct_fuzzer
qpid-proton,c++,fuzz-connection-driver fuzz-message-decode
qt,c++,qtbase_corelib_serialization_qxmlstream_qxmlstreamreader_readnext qtbase_corelib_time_qdatetime_fromstring qtbase_corelib_text_qregularexpression_optimize qtbase_gui_text_qtextlayout_beginlayout qtbase_gui_text_qtextdocument_sethtml qtbase_corelib_serialization_qcborvalue_fromcbor qtbase_network_ssl_qsslcertificate_qsslcertificate_pem qtbase_corelib_serialization_qjsondocument_fromjson qtbase_corelib_tools_qcryptographichash_result qtbase_corelib_serialization_qtextstream_extractionoperator-float qtbase_gui_image_qimage_loadfromdata qtsvg_svg_qsvgrenderer_render qtbase_corelib_serialization_qcborstreamreader_next qtbase_gui_text_qtextdocument_setmarkdown qtbase_gui_painting_qcolorspace_fromiccprofile
qubes-os,c++,qrexec_remote_fuzzer qubesrpc_parse_fuzzer db-daemon_fuzzer qrexec_daemon_fuzzer input-proxy-receiver_fuzzer
quickjs,c,fuzz_compile fuzz_eval fuzz_regexp
rabbitmq-c,c,fuzz_server fuzz_table fuzz_url
rapidjson,c++,fuzzer
readstat,c++,fuzz_format_sas7bcat fuzz_grammar_spss_format fuzz_format_dta fuzz_format_sas7bdat fuzz_compression_sav fuzz_format_sas_commands fuzz_format_por fuzz_format_stata_dictionary fuzz_format_sav fuzz_format_spss_commands fuzz_format_xport
rnp,c++,fuzz_sigimport fuzz_verify_detached fuzz_keyring_g10 fuzz_keyring_kbx fuzz_dump fuzz_keyimport fuzz_keyring fuzz_verify
s2opc,c++,decode_fuzzer server_request_fuzzer parse_tcp_uri_fuzzer sub_fuzzer
selinux,c,checkpolicy-fuzzer binpolicy-fuzzer secilc-fuzzer
simdjson,c++,fuzz_minifyimpl fuzz_padded fuzz_ondemand fuzz_parser fuzz_utf8 fuzz_print_json fuzz_atpointer fuzz_element fuzz_dump_raw_tape fuzz_ndjson fuzz_minify fuzz_dump fuzz_implementations
skcms,c++,iccprofile_info iccprofile_transform iccprofile_atf
sleuthkit,c++,sleuthkit_fls_ntfs_fuzzer sleuthkit_fls_iso9660_fuzzer sleuthkit_fls_fat_fuzzer sleuthkit_mmls_dos_fuzzer sleuthkit_fls_ext_fuzzer sleuthkit_mmls_gpt_fuzzer sleuthkit_fls_apfs_fuzzer sleuthkit_fls_hfs_fuzzer sleuthkit_mmls_sun_fuzzer sleuthkit_mmls_mac_fuzzer
solidity,c++,sol_proto_ossfuzz yul_proto_diff_custom_mutate_ossfuzz solc_ossfuzz strictasm_assembly_ossfuzz solc_mutator_ossfuzz strictasm_diff_ossfuzz strictasm_opt_ossfuzz const_opt_ossfuzz yul_proto_diff_ossfuzz yul_proto_ossfuzz abiv2_isabelle_ossfuzz abiv2_proto_ossfuzz stack_reuse_codegen_ossfuzz
spdlog,c++,levels_fuzzer backtrace_fuzzer format_fuzzer pattern_fuzzer log_fuzzer
speex,c++,speex_decode_fuzzer_fixed speex_decode_fuzzer_float
spirv-tools,c++,spvtools_val_fuzzer spvtools_dis_fuzzer spvtools_as_fuzzer spvtools_opt_performance_fuzzer spvtools_opt_legalization_fuzzer spvtools_opt_size_fuzzer spvtools_binary_parser_fuzzer
sqlite3,c++,ossfuzz
stb,c++,stb_png_read_fuzzer stbi_read_fuzzer
strongswan,c++,fuzz_ids fuzz_pa_tnc fuzz_crls fuzz_pb_tnc fuzz_certs fuzz_ocsp_rsp fuzz_ocsp_req
sudoers,c,fuzz_logsrvd_conf fuzz_sudoers fuzz_iolog_timing fuzz_policy fuzz_sudo_conf fuzz_iolog_legacy fuzz_sudoers_ldif fuzz_iolog_json
tarantool,c,mp_datetime_fuzzer datetime_parse_full_fuzzer uri_fuzzer sql_fuzzer xrow_decode_error_fuzzer xrow_decode_begin_fuzzer luaL_loadbuffer_fuzzer xrow_decode_watch_fuzzer xrow_decode_sql_fuzzer swim_proto_member_fuzzer xrow_decode_call_fuzzer csv_fuzzer xrow_decode_id_fuzzer datetime_strptime_fuzzer xrow_header_decode_fuzzer swim_proto_meta_fuzzer decimal_to_int64_fuzzer xrow_decode_auth_fuzzer http_parser_fuzzer xrow_greeting_decode_fuzzer xrow_decode_raft_fuzzer xrow_decode_dml_fuzzer
tinyusb,c++,msc cdc net
tmux,c,input-fuzzer
tomlplusplus,c++,toml_fuzzer
tor,c++,oss-fuzz-descriptor oss-fuzz-address oss-fuzz-microdesc oss-fuzz-hsdescv3 oss-fuzz-vrs oss-fuzz-consensus oss-fuzz-hsdescv3-middle oss-fuzz-extrainfo oss-fuzz-http-connect oss-fuzz-addressPTR oss-fuzz-diff-apply oss-fuzz-http oss-fuzz-hsdescv3-inner oss-fuzz-socks oss-fuzz-diff oss-fuzz-strops
trafficserver,c++,fuzz_json fuzz_rec_http fuzz_proxy_protocol fuzz_yamlcpp fuzz_hpack fuzz_http fuzz_http3frame
unbound,c,fuzz_4_fuzzer fuzz_3_fuzzer fuzz_2_fuzzer fuzz_1_fuzzer parse_packet_fuzzer
unit,c,fuzz_json fuzz_http_h1p fuzz_basic fuzz_http_controller fuzz_http_h1p_peer
usbguard,c++,fuzzer-rules fuzzer-uevent fuzzer-usb-descriptor
usrsctp,c++,fuzzer_fragment fuzzer_connect fuzzer_listen
utf8proc,c,utf8proc_fuzzer
util-linux,c,test_last_fuzz test_fdisk_script_fuzz test_mount_fuzz test_blkid_fuzz
valijson,c++,fuzzer
vorbis,c++,decode_fuzzer
wasmedge,c++,wasmedge-fuzztool wasmedge-fuzzpo
wavpack,c++,fuzzer
wget,c++,wget_url_fuzzer wget_netrc_fuzzer wget_cookie_fuzzer wget_read_hunk_fuzzer wget_css_fuzzer wget_options_fuzzer wget_robots_fuzzer wget_html_fuzzer wget_ntlm_fuzzer wget_progress_fuzzer wget_ftpls_fuzzer
wget2,c++,libwget_cookie_fuzzer libwget_xml_parse_buffer_fuzzer libwget_tlssess_fuzzer libwget_hpkp_fuzzer libwget_sitemap_url_fuzzer libwget_http_client_fuzzer libwget_base64_fuzzer libwget_robots_parse_fuzzer libwget_netrc_fuzzer libwget_css_url_fuzzer libwget_html_url_fuzzer libwget_utils_fuzzer libwget_iri_fuzzer libwget_metalink_parse_fuzzer libwget_atom_url_fuzzer libwget_http_parse_fuzzer libwget_ocsp_fuzzer wget_options_fuzzer libwget_bar_fuzzer libwget_hsts_fuzzer
wireshark,c++,fuzzshark_udp_port-dhcp fuzzshark_ip_proto-ospf fuzzshark_udp_port-dns fuzzshark_ip fuzzshark_ip_proto-udp fuzzshark_media_type-json fuzzshark_tcp_port-bgp
woff2,c++,convert_woff2ttf_fuzzer_new_entry convert_woff2ttf_fuzzer
wolfssl,c++,fuzzer-wolfssl-client fuzzer-wolfssh-client-randomize fuzzer-wolfssh-client fuzzer-wolfssl-x509 cryptofuzz-openssl-api cryptofuzz-heapmath fuzzer-wolfssl-srp fuzzer-wolfssl-server fuzzer-wolfssl-crl cryptofuzz-sp-math fuzzer-wolfssl-misc cryptofuzz-normal-math cryptofuzz-sp-math-all fuzzer-wolfssh-server fuzzer-wolfssl-ocsp cryptofuzz-sp-math-all-8bit cryptofuzz-fastmath pem_cert fuzzer-wolfssl-server-randomize fuzzer-wolfssh-server-randomize fuzzer-wolfssl-client-randomize fuzzer-wolfssl-rsa
wpantund,c++,wpantund-fuzz
wt,c++,fuzz-eval fuzz-css fuzz-xml fuzz-json fuzz-uri
wuffs,c++,json_fuzzer bmp_fuzzer png_fuzzer gif_fuzzer jpeg_fuzzer zlib_fuzzer cbor_fuzzer tga_fuzzer bzip2_fuzzer pixel_swizzler_fuzzer xz_fuzzer
wxwidgets,c++,zip
xs,c,xst xst_jsonparse
xz,c++,fuzz_decode_stream fuzz_decode_alone fuzz_encode_stream
yajl-ruby,c++,json_fuzzer
yara,c++,macho_fuzzer dex_fuzzer elf_fuzzer pe_fuzzer dotnet_fuzzer rules_fuzzer
zeek,c++,zeek-imap-fuzzer zeek-smtp-fuzzer zeek-packet-fuzzer zeek-snmp-fuzzer zeek-rdp-fuzzer zeek-portmapper-fuzzer zeek-ssl-fuzzer zeek-ftp-fuzzer zeek-dhcp-fuzzer zeek-modbus-fuzzer zeek-dnp3_tcp-fuzzer zeek-nfs-fuzzer zeek-http-fuzzer zeek-ssh-fuzzer zeek-ntp-fuzzer zeek-ncp-fuzzer zeek-mysql-fuzzer zeek-dns-fuzzer zeek-websocket-fuzzer zeek-rfb-fuzzer zeek-sip-fuzzer zeek-mqtt-fuzzer zeek-rdpeudp-fuzzer zeek-dtls-fuzzer zeek-smb-fuzzer zeek-irc-fuzzer zeek-syslog-fuzzer zeek-dce_rpc-fuzzer zeek-mount-fuzzer zeek-radius-fuzzer zeek-pop3-fuzzer
zlib,c++,compress_fuzzer zlib_uncompress2_fuzzer checksum_fuzzer zlib_uncompress_fuzzer minigzip_fuzzer example_flush_fuzzer example_small_fuzzer example_dict_fuzzer example_large_fuzzer
zlib-ng,c++,fuzzer_checksum fuzzer_example_dict fuzzer_example_flush fuzzer_compress fuzzer_example_small fuzzer_example_large fuzzer_minigzip
zstd,c++,dictionary_round_trip simple_compress dictionary_decompress huf_decompress stream_decompress huf_round_trip raw_dictionary_round_trip dictionary_loader block_round_trip stream_round_trip dictionary_stream_round_trip seekable_roundtrip decompress_cross_format simple_round_trip decompress_dstSize_tooSmall block_decompress sequence_compression_api fse_read_ncount simple_decompress generate_sequences zstd_frame_info
arduinojson,c++,json_fuzzer msgpack_fuzzer
arrow,c++,arrow-ipc-file-fuzz arrow-ipc-stream-fuzz arrow-ipc-generate-tensor-fuzz-corpus parquet-arrow-generate-fuzz-corpus arrow-ipc-generate-fuzz-corpus arrow-ipc-tensor-stream-fuzz parquet-arrow-fuzz
aspell,c++,aspell_fuzzer
avahi,c++,fuzz-packet fuzz-domain fuzz-consume-key fuzz-ini-file-parser fuzz-consume-record fuzz-strlst
bignum-fuzzer,c++,fuzzer_boringssl_libmpdec_num_len_100_all_operations_num_loops_1 fuzzer_boringssl_mbedtls_num_len_100_all_operations_num_loops_1 fuzzer_openssl_libgmp_num_len_1200_all_operations_num_loops_1 fuzzer_openssl_go_no_negative_num_len_1200_all_operations fuzzer_openssl_cpp_boost_num_len_1200_all_operations_num_loops_1
bind9,c,isc_lex_gettoken_fuzzer dns_rdata_fromwire_text_fuzzer isc_lex_getmastertoken_fuzzer dns_name_fromtext_target_fuzzer dns_master_load_fuzzer dns_qpkey_name_fuzzer dns_name_fromwire_fuzzer dns_rdata_fromtext_fuzzer dns_message_checksig_fuzzer dns_qp_fuzzer dns_message_parse_fuzzer
binutils,c++,fuzz_as fuzz_disas_ext-bfd_arch_mep fuzz_bfd_ext fuzz_disas_ext-bfd_arch_arm fuzz_readelf_elf32_bigarm fuzz_readelf_elf32_csky fuzz_disas_ext-bfd_arch_arc fuzz_ranlib_simulation fuzz_readelf_pef fuzz_windres fuzz_addr2line fuzz_disas_ext-bfd_arch_i386 fuzz_bfd fuzz_readelf_elf32_littlearm fuzz_disas_ext-bfd_arch_mips fuzz_dwarf fuzz_strings fuzz_disassemble fuzz_dlltool fuzz_disas_ext-bfd_arch_csky fuzz_objdump_safe fuzz_nm fuzz_readelf fuzz_readelf_elf64_mmix fuzz_objdump fuzz_objcopy
bitcoin-core,c++,signature_checker checkqueue script_descriptor_cache address_deserialize crypto_aes256 node_eviction timeoffsets wallet_notifications banman merkleblock parse_script asmap clusterlin_linearize mini_miner_selection cryptofuzz-bitcoin-cryptography-w2-p2 autofile blockheader_deserialize ellswift_roundtrip addr_info_deserialize crypto_aes256cbc miniscript_string blockfilter block_file_info_deserialize txorphan prefilled_transaction_deserialize net muhash script_parsing connman message torcontrol block_deserialize http_request integer secp256k1_ecdsa_signature_parse_der_lax pub_key_deserialize feefrac tx_pool_standard scriptpubkeyman blocktransactionsrequest_deserialize golomb_rice net_permissions pow bloomfilter_deserialize key_io clusterlin_cluster_serialization protocol cuckoocache service_deserialize versionbits bitset parse_numbers clusterlin_search_finder kitchen_sink i2p secp256k1_ec_seckey_import_export_der tx_pool coins_deserialize locale chacha20_split_crypt txrequest script_interpreter uint256_deserialize scriptnum_ops miniscript_smart script_flags decode_tx policy_estimator_io clusterlin_linearization_chunking script_deserialize package_rbf fee_rate_deserialize multiplication_overflow crypter crypto_diff_fuzz_chacha20 block_header_and_short_txids_deserialize merkle_block_deserialize script_sign crypto_hkdf_hmac_sha256_l32 pow_transition p2p_transport_serialization signet headers_sync_state p2p_transport_bidirectional_v1v2 mini_miner chain parse_univalue clusterlin_depgraph_serialization buffered_file crypto_chacha20 hex partially_signed_transaction_deserialize eval_script minisketch uint160_deserialize policy_estimator fee_rate str_printf rolling_bloom_filter inv_deserialize blocktransactions_deserialize wallet_bdb_parser descriptor_parse utxo_snapshot parse_iso8601 cryptofuzz-bitcoin-cryptography-w15-p4 tx_out bloom_filter tx_in_deserialize blockundo_deserialize load_external_block_file partially_downloaded_block random coins_view diskblockindex_deserialize bitdeque flat_file_pos_deserialize parse_hd_keypath partial_merkle_tree_deserialize coincontrol crypto_poly1305 netaddr_deserialize build_and_compare_feerate_diagram clusterlin_ancestor_finder p2p_transport_bidirectional_v2 system coin_grinder_is_optimal bip324_ecdh pool_resource snapshotmetadata_deserialize script_format cryptofuzz-bitcoin-cryptography-w20-p8 prevector addrman bip324_cipher_roundtrip miniscript_script chacha20_split_keystream rpc flatfile span addrman_serdeser key_origin_info_deserialize utxo_total_supply tx_package_eval crypto_aeadchacha20poly1305 clusterlin_chunking block_filter_deserialize coinscache_sim wallet_fees tx_in txoutcompressor_deserialize float vecdeque out_point_deserialize netaddress process_message psbt psbt_output_deserialize key blockmerkleroot asmap_direct local_address block_header script_sigcache string script_ops coin_grinder txundo_deserialize messageheader_deserialize socks5 crypto_poly1305_split clusterlin_add_dependency rbf transaction bech32 data_stream_addr_man crypto_fschacha20poly1305 addition_overflow block crypto_common crypto_fschacha20 base_encode_decode netbase_dns_lookup psbt_input_deserialize script p2p_transport_bidirectional crypto mocked_descriptor_parse fees miniscript_stable validation_load_mempool primitives_transaction process_messages coinselection blocklocator_deserialize
bloaty,c++,fuzz_target
boringssl,c++,verify_name_match_normalizename_fuzzer client parse_authority_key_identifier_fuzzer cert crl_parse_crl_certificatelist_fuzzer arm_cpuinfo dtls_client verify_name_match_verifynameinsubtree_fuzzer crl_parse_crl_tbscertlist_fuzzer ocsp_parse_ocsp_cert_id_fuzzer session server der_roundtrip conf bn_mod_exp privkey ocsp_parse_ocsp_response_data_fuzzer dtls_server verify_name_match_fuzzer certs_lpm ssl_ctx_api crl_parse_issuing_distribution_point_fuzzer pkcs8_lpm crl_getcrlstatusforcert_fuzzer spki pkcs8 ocsp_parse_ocsp_response_fuzzer parse_crldp_fuzzer ocsp_parse_ocsp_single_response_fuzzer bn_div decode_client_hello_inner parse_certificate_fuzzer pkcs12 read_pem pkcs12_lpm
brotli,c++,decode_fuzzer
brpc,c++,fuzz_json fuzz_shead fuzz_redis fuzz_uri fuzz_hulu fuzz_butil fuzz_sofa fuzz_esp fuzz_hpack fuzz_http
ffmpeg,c++,ffmpeg_dem_RPL_fuzzer ffmpeg_dem_MMF_fuzzer ffmpeg_AV_CODEC_ID_HQ_HQA_fuzzer ffmpeg_dem_H261_fuzzer ffmpeg_dem_RSD_fuzzer ffmpeg_AV_CODEC_ID_PCM_S8_PLANAR_fuzzer ffmpeg_dem_IMAGE_SUNRAST_PIPE_fuzzer ffmpeg_BSF_DUMP_EXTRADATA_fuzzer ffmpeg_dem_APM_fuzzer ffmpeg_dem_IDCIN_fuzzer ffmpeg_dem_IV8_fuzzer ffmpeg_AV_CODEC_ID_ALS_fuzzer ffmpeg_AV_CODEC_ID_XBM_fuzzer ffmpeg_dem_RSO_fuzzer ffmpeg_dem_IMAGE_XWD_PIPE_fuzzer ffmpeg_AV_CODEC_ID_MMVIDEO_fuzzer ffmpeg_AV_CODEC_ID_XAN_DPCM_fuzzer ffmpeg_AV_CODEC_ID_DSICINVIDEO_fuzzer ffmpeg_AV_CODEC_ID_ON2AVC_fuzzer ffmpeg_AV_CODEC_ID_WMALOSSLESS_fuzzer ffmpeg_AV_CODEC_ID_PSD_fuzzer ffmpeg_AV_CODEC_ID_MTS2_fuzzer ffmpeg_dem_IMAGE_DPX_PIPE_fuzzer ffmpeg_AV_CODEC_ID_VP6F_fuzzer ffmpeg_AV_CODEC_ID_RV20_fuzzer ffmpeg_dem_IMAGE_PBM_PIPE_fuzzer ffmpeg_AV_CODEC_ID_FOURXM_fuzzer ffmpeg_AV_CODEC_ID_XWD_fuzzer ffmpeg_dem_NUT_fuzzer ffmpeg_dem_GDV_fuzzer ffmpeg_BSF_H264_MP4TOANNEXB_fuzzer ffmpeg_AV_CODEC_ID_DXV_fuzzer ffmpeg_dem_G726LE_fuzzer ffmpeg_AV_CODEC_ID_G723_1_fuzzer ffmpeg_dem_CONCAT_fuzzer ffmpeg_AV_CODEC_ID_CCAPTION_fuzzer ffmpeg_AV_CODEC_ID_VP8_fuzzer ffmpeg_dem_R3D_fuzzer ffmpeg_AV_CODEC_ID_WEBVTT_fuzzer ffmpeg_AV_CODEC_ID_RV40_fuzzer ffmpeg_AV_CODEC_ID_MEDIA100_fuzzer ffmpeg_AV_CODEC_ID_DSD_LSBF_fuzzer ffmpeg_AV_CODEC_ID_RALF_fuzzer ffmpeg_dem_TIERTEXSEQ_fuzzer ffmpeg_dem_GENH_fuzzer ffmpeg_AV_CODEC_ID_PCM_VIDC_fuzzer ffmpeg_AV_CODEC_ID_APNG_fuzzer ffmpeg_dem_INGENIENT_fuzzer ffmpeg_AV_CODEC_ID_HDR_fuzzer ffmpeg_dem_FLAC_fuzzer ffmpeg_BSF_MJPEG2JPEG_fuzzer ffmpeg_BSF_TRACE_HEADERS_fuzzer ffmpeg_dem_WC3_fuzzer ffmpeg_AV_CODEC_ID_MPEG1_V4L2M2M_fuzzer ffmpeg_dem_APTX_fuzzer ffmpeg_AV_CODEC_ID_VC1IMAGE_fuzzer ffmpeg_AV_CODEC_ID_AURA2_fuzzer ffmpeg_AV_CODEC_ID_COOK_fuzzer ffmpeg_dem_AMRWB_fuzzer ffmpeg_dem_IMAGE_PGMYUV_PIPE_fuzzer ffmpeg_AV_CODEC_ID_ASS_fuzzer ffmpeg_AV_CODEC_ID_CDTOONS_fuzzer ffmpeg_AV_CODEC_ID_XSUB_fuzzer ffmpeg_AV_CODEC_ID_ULTI_fuzzer ffmpeg_dem_OMA_fuzzer ffmpeg_BSF_HEVC_METADATA_fuzzer ffmpeg_AV_CODEC_ID_V410_fuzzer ffmpeg_AV_CODEC_ID_PCM_F64BE_fuzzer ffmpeg_AV_CODEC_ID_PCM_F64LE_fuzzer ffmpeg_dem_VPLAYER_fuzzer ffmpeg_AV_CODEC_ID_SANM_fuzzer ffmpeg_dem_DVBTXT_fuzzer ffmpeg_AV_CODEC_ID_WADY_DPCM_fuzzer ffmpeg_AV_CODEC_ID_APAC_fuzzer ffmpeg_dem_SOX_fuzzer ffmpeg_AV_CODEC_ID_VBN_fuzzer ffmpeg_dem_IRCAM_fuzzer ffmpeg_dem_IMAGE_PNG_PIPE_fuzzer ffmpeg_dem_MPC_fuzzer ffmpeg_dem_BINTEXT_fuzzer ffmpeg_dem_ADP_fuzzer ffmpeg_AV_CODEC_ID_ANM_fuzzer ffmpeg_dem_MTV_fuzzer ffmpeg_dem_IMAGE_XBM_PIPE_fuzzer ffmpeg_AV_CODEC_ID_DCA_fuzzer ffmpeg_dem_TMV_fuzzer ffmpeg_dem_AAX_fuzzer ffmpeg_AV_CODEC_ID_SNOW_fuzzer ffmpeg_AV_CODEC_ID_VP3_fuzzer ffmpeg_BSF_DV_ERROR_MARKER_fuzzer ffmpeg_dem_SLN_fuzzer ffmpeg_AV_CODEC_ID_KMVC_fuzzer ffmpeg_AV_CODEC_ID_MVC2_fuzzer ffmpeg_AV_CODEC_ID_PCM_U24BE_fuzzer ffmpeg_dem_WEBM_DASH_MANIFEST_fuzzer ffmpeg_AV_CODEC_ID_LJPEG_fuzzer ffmpeg_AV_CODEC_ID_TTML_fuzzer ffmpeg_dem_WTV_fuzzer ffmpeg_dem_THREEDOSTR_fuzzer ffmpeg_dem_OGG_fuzzer ffmpeg_AV_CODEC_ID_XAN_WC3_fuzzer ffmpeg_dem_MOV_fuzzer ffmpeg_dem_C93_fuzzer ffmpeg_dem_WSVQA_fuzzer ffmpeg_dem_PCM_S16LE_fuzzer ffmpeg_AV_CODEC_ID_ADPCM_ARGO_fuzzer ffmpeg_AV_CODEC_ID_QDM2_fuzzer ffmpeg_AV_CODEC_ID_RPZA_fuzzer ffmpeg_dem_MV_fuzzer ffmpeg_dem_NISTSPHERE_fuzzer ffmpeg_dem_AEA_fuzzer ffmpeg_dem_VPK_fuzzer ffmpeg_dem_SUBVIEWER_fuzzer ffmpeg_AV_CODEC_ID_QOA_fuzzer ffmpeg_dem_PCM_U32BE_fuzzer ffmpeg_AV_CODEC_ID_ATRAC3_fuzzer ffmpeg_dem_ASF_fuzzer ffmpeg_AV_CODEC_ID_ILBC_fuzzer ffmpeg_AV_CODEC_ID_SP5X_fuzzer ffmpeg_dem_PCM_U8_fuzzer ffmpeg_BSF_EAC3_CORE_fuzzer ffmpeg_dem_MM_fuzzer ffmpeg_dem_APNG_fuzzer ffmpeg_AV_CODEC_ID_BINKAUDIO_RDFT_fuzzer ffmpeg_BSF_VP9_SUPERFRAME_SPLIT_fuzzer ffmpeg_AV_CODEC_ID_PCM_BLURAY_fuzzer ffmpeg_dem_IMAGE_PHM_PIPE_fuzzer ffmpeg_AV_CODEC_ID_MXPEG_fuzzer ffmpeg_AV_CODEC_ID_XAN_WC4_fuzzer ffmpeg_dem_IMAGE_BMP_PIPE_fuzzer ffmpeg_AV_CODEC_ID_PCM_S64LE_fuzzer ffmpeg_dem_VQF_fuzzer ffmpeg_AV_CODEC_ID_INTERPLAY_DPCM_fuzzer ffmpeg_IO_DEMUXER_fuzzer ffmpeg_AV_CODEC_ID_WNV1_fuzzer ffmpeg_AV_CODEC_ID_MP3ADUFLOAT_fuzzer ffmpeg_dem_SCD_fuzzer ffmpeg_BSF_H264_REDUNDANT_PPS_fuzzer ffmpeg_dem_IMAGE2PIPE_fuzzer ffmpeg_dem_IMAGE_DDS_PIPE_fuzzer ffmpeg_BSF_MPEG2_METADATA_fuzzer ffmpeg_AV_CODEC_ID_BONK_fuzzer ffmpeg_AV_CODEC_ID_ADPCM_MS_fuzzer ffmpeg_AV_CODEC_ID_IDCIN_fuzzer ffmpeg_AV_CODEC_ID_TRUEMOTION2_fuzzer ffmpeg_AV_CODEC_ID_MACE6_fuzzer ffmpeg_dem_SMACKER_fuzzer ffmpeg_dem_IFV_fuzzer ffmpeg_AV_CODEC_ID_ADPCM_YAMAHA_fuzzer ffmpeg_AV_CODEC_ID_PCM_U8_fuzzer ffmpeg_dem_AA_fuzzer ffmpeg_dem_MP3_fuzzer ffmpeg_dem_STR_fuzzer ffmpeg_AV_CODEC_ID_MICRODVD_fuzzer ffmpeg_AV_CODEC_ID_S302M_fuzzer ffmpeg_dem_IMAGE_PSD_PIPE_fuzzer ffmpeg_dem_ACT_fuzzer ffmpeg_AV_CODEC_ID_MSA1_fuzzer ffmpeg_AV_CODEC_ID_SAMI_fuzzer ffmpeg_dem_EAC3_fuzzer ffmpeg_dem_SWF_fuzzer ffmpeg_AV_CODEC_ID_TXD_fuzzer ffmpeg_dem_MXG_fuzzer ffmpeg_AV_CODEC_ID_REALTEXT_fuzzer ffmpeg_AV_CODEC_ID_CSCD_fuzzer ffmpeg_dem_XBIN_fuzzer ffmpeg_AV_CODEC_ID_TIFF_fuzzer ffmpeg_AV_CODEC_ID_ADPCM_SBPRO_4_fuzzer ffmpeg_dem_IMAGE_PPM_PIPE_fuzzer ffmpeg_AV_CODEC_ID_TIERTEXSEQVIDEO_fuzzer ffmpeg_AV_CODEC_ID_THP_fuzzer ffmpeg_AV_CODEC_ID_H263_fuzzer ffmpeg_dem_SDR2_fuzzer ffmpeg_AV_CODEC_ID_XFACE_fuzzer ffmpeg_dem_THP_fuzzer ffmpeg_AV_CODEC_ID_HUFFYUV_fuzzer ffmpeg_AV_CODEC_ID_SSA_fuzzer ffmpeg_AV_CODEC_ID_ADPCM_THP_fuzzer ffmpeg_BSF_TEXT2MOVSUB_fuzzer ffmpeg_dem_V210X_fuzzer ffmpeg_AV_CODEC_ID_BITPACKED_fuzzer ffmpeg_dem_ICO_fuzzer ffmpeg_dem_MLP_fuzzer ffmpeg_dem_XMV_fuzzer ffmpeg_dem_EA_CDATA_fuzzer ffmpeg_AV_CODEC_ID_BINKAUDIO_DCT_fuzzer ffmpeg_AV_CODEC_ID_BMV_VIDEO_fuzzer ffmpeg_AV_CODEC_ID_RA_144_fuzzer ffmpeg_dem_PVF_fuzzer ffmpeg_dem_ADS_fuzzer ffmpeg_AV_CODEC_ID_MPEG4_V4L2M2M_fuzzer ffmpeg_AV_CODEC_ID_VP6A_fuzzer ffmpeg_AV_CODEC_ID_G2M_fuzzer ffmpeg_AV_CODEC_ID_XPM_fuzzer ffmpeg_AV_CODEC_ID_QDMC_fuzzer ffmpeg_dem_FITS_fuzzer ffmpeg_AV_CODEC_ID_ADPCM_VIMA_fuzzer ffmpeg_AV_CODEC_ID_RA_288_fuzzer ffmpeg_dem_APE_fuzzer ffmpeg_AV_CODEC_ID_SUNRAST_fuzzer ffmpeg_AV_CODEC_ID_IMC_fuzzer ffmpeg_BSF_SETTS_fuzzer ffmpeg_AV_CODEC_ID_AVS_fuzzer ffmpeg_AV_CODEC_ID_A64MULTI5_fuzzer ffmpeg_dem_ANM_fuzzer ffmpeg_AV_CODEC_ID_DST_fuzzer ffmpeg_AV_CODEC_ID_ADPCM_IMA_ISS_fuzzer ffmpeg_AV_CODEC_ID_ADPCM_ZORK_fuzzer ffmpeg_AV_CODEC_ID_PCX_fuzzer ffmpeg_AV_CODEC_ID_PCM_S32LE_fuzzer ffmpeg_AV_CODEC_ID_GEM_fuzzer ffmpeg_AV_CODEC_ID_PCM_MULAW_fuzzer ffmpeg_AV_CODEC_ID_EIGHTBPS_fuzzer ffmpeg_AV_CODEC_ID_VNULL_fuzzer ffmpeg_AV_CODEC_ID_TARGA_Y216_fuzzer ffmpeg_dem_JV_fuzzer ffmpeg_AV_CODEC_ID_RL2_fuzzer ffmpeg_AV_CODEC_ID_TRUEHD_fuzzer ffmpeg_AV_CODEC_ID_PGX_fuzzer ffmpeg_AV_CODEC_ID_MOVTEXT_fuzzer ffmpeg_AV_CODEC_ID_ADPCM_XA_fuzzer ffmpeg_AV_CODEC_ID_EIGHTSVX_EXP_fuzzer ffmpeg_AV_CODEC_ID_HAP_fuzzer ffmpeg_AV_CODEC_ID_ADPCM_AFC_fuzzer ffmpeg_dem_ADF_fuzzer ffmpeg_dem_PCM_U16LE_fuzzer ffmpeg_AV_CODEC_ID_MP3ON4_fuzzer ffmpeg_BSF_MEDIA100_TO_MJPEGB_fuzzer ffmpeg_AV_CODEC_ID_SPEEX_fuzzer ffmpeg_BSF_MJPEGA_DUMP_HEADER_fuzzer ffmpeg_AV_CODEC_ID_YUV4_fuzzer ffmpeg_dem_IMAGE_PAM_PIPE_fuzzer ffmpeg_dem_AMR_fuzzer ffmpeg_dem_PMP_fuzzer ffmpeg_AV_CODEC_ID_TSCC2_fuzzer ffmpeg_dem_LC3_fuzzer ffmpeg_dem_IMAGE_J2K_PIPE_fuzzer ffmpeg_BSF_MPEG4_UNPACK_BFRAMES_fuzzer ffmpeg_AV_CODEC_ID_PGM_fuzzer ffmpeg_AV_CODEC_ID_AIC_fuzzer ffmpeg_AV_CODEC_ID_PCM_U24LE_fuzzer ffmpeg_AV_CODEC_ID_PFM_fuzzer ffmpeg_AV_CODEC_ID_V210_fuzzer ffmpeg_AV_CODEC_ID_PCM_S16BE_fuzzer ffmpeg_AV_CODEC_ID_ADPCM_IMA_DK4_fuzzer ffmpeg_BSF_IMX_DUMP_HEADER_fuzzer ffmpeg_dem_OSQ_fuzzer ffmpeg_AV_CODEC_ID_SUBRIP_fuzzer ffmpeg_BSF_AV1_METADATA_fuzzer ffmpeg_SWS_fuzzer ffmpeg_AV_CODEC_ID_PHOTOCD_fuzzer ffmpeg_AV_CODEC_ID_V210X_fuzzer ffmpeg_AV_CODEC_ID_RASC_fuzzer ffmpeg_AV_CODEC_ID_ADPCM_THP_LE_fuzzer ffmpeg_AV_CODEC_ID_SBC_fuzzer ffmpeg_AV_CODEC_ID_YLC_fuzzer ffmpeg_AV_CODEC_ID_ADPCM_IMA_AMV_fuzzer ffmpeg_AV_CODEC_ID_PPM_fuzzer ffmpeg_BSF_HEVC_MP4TOANNEXB_fuzzer ffmpeg_AV_CODEC_ID_AC3_FIXED_fuzzer ffmpeg_BSF_TRUEHD_CORE_fuzzer ffmpeg_AV_CODEC_ID_DNXHD_fuzzer ffmpeg_AV_CODEC_ID_AVUI_fuzzer ffmpeg_AV_CODEC_ID_GDV_fuzzer ffmpeg_dem_AFC_fuzzer ffmpeg_dem_ARGO_CVG_fuzzer ffmpeg_AV_CODEC_ID_ASV1_fuzzer ffmpeg_AV_CODEC_ID_HEVC_V4L2M2M_fuzzer ffmpeg_AV_CODEC_ID_PCM_U32LE_fuzzer ffmpeg_AV_CODEC_ID_ZEROCODEC_fuzzer ffmpeg_AV_CODEC_ID_JV_fuzzer ffmpeg_AV_CODEC_ID_WMV3_fuzzer ffmpeg_dem_TY_fuzzer ffmpeg_dem_ROQ_fuzzer ffmpeg_AV_CODEC_ID_AVRN_fuzzer ffmpeg_dem_SER_fuzzer ffmpeg_dem_DASH_fuzzer ffmpeg_dem_CAF_fuzzer ffmpeg_dem_WVE_fuzzer ffmpeg_AV_CODEC_ID_HEVC_fuzzer ffmpeg_dem_IMAGE_WEBP_PIPE_fuzzer ffmpeg_AV_CODEC_ID_H264_fuzzer ffmpeg_AV_CODEC_ID_SUBVIEWER1_fuzzer ffmpeg_dem_BINKA_fuzzer ffmpeg_AV_CODEC_ID_PTX_fuzzer ffmpeg_AV_CODEC_ID_RAWVIDEO_fuzzer ffmpeg_AV_CODEC_ID_INDEO4_fuzzer ffmpeg_AV_CODEC_ID_PCM_S24LE_PLANAR_fuzzer ffmpeg_dem_MGSTS_fuzzer ffmpeg_dem_ISS_fuzzer ffmpeg_AV_CODEC_ID_PCM_S24BE_fuzzer ffmpeg_AV_CODEC_ID_AASC_fuzzer ffmpeg_dem_AAC_fuzzer ffmpeg_AV_CODEC_ID_PICTOR_fuzzer ffmpeg_AV_CODEC_ID_AAC_FIXED_fuzzer ffmpeg_AV_CODEC_ID_MVHA_fuzzer ffmpeg_AV_CODEC_ID_ADPCM_EA_R2_fuzzer ffmpeg_AV_CODEC_ID_CPIA_fuzzer ffmpeg_dem_VC1T_fuzzer ffmpeg_AV_CODEC_ID_ADPCM_IMA_SMJPEG_fuzzer ffmpeg_AV_CODEC_ID_WMAPRO_fuzzer ffmpeg_AV_CODEC_ID_BINTEXT_fuzzer ffmpeg_dem_SPDIF_fuzzer ffmpeg_BSF_DCA_CORE_fuzzer ffmpeg_dem_MLV_fuzzer ffmpeg_AV_CODEC_ID_CINEPAK_fuzzer ffmpeg_AV_CODEC_ID_INDEO2_fuzzer ffmpeg_AV_CODEC_ID_SMACKAUD_fuzzer ffmpeg_AV_CODEC_ID_TARGA_fuzzer ffmpeg_dem_FLV_fuzzer ffmpeg_AV_CODEC_ID_MWSC_fuzzer ffmpeg_dem_TEDCAPTIONS_fuzzer ffmpeg_AV_CODEC_ID_DSD_LSBF_PLANAR_fuzzer ffmpeg_AV_CODEC_ID_AMRNB_fuzzer ffmpeg_AV_CODEC_ID_WCMV_fuzzer ffmpeg_dem_MXF_fuzzer ffmpeg_dem_G729_fuzzer ffmpeg_dem_SOL_fuzzer ffmpeg_AV_CODEC_ID_MP2FIXED_fuzzer ffmpeg_AV_CODEC_ID_INDEO3_fuzzer ffmpeg_AV_CODEC_ID_WMAVOICE_fuzzer ffmpeg_AV_CODEC_ID_FASTAUDIO_fuzzer ffmpeg_dem_APTX_HD_fuzzer ffmpeg_dem_AMRNB_fuzzer ffmpeg_AV_CODEC_ID_ADPCM_IMA_WS_fuzzer ffmpeg_AV_CODEC_ID_SMVJPEG_fuzzer ffmpeg_AV_CODEC_ID_ATRAC1_fuzzer ffmpeg_dem_HLS_fuzzer ffmpeg_dem_FWSE_fuzzer ffmpeg_AV_CODEC_ID_PCM_DVD_fuzzer ffmpeg_AV_CODEC_ID_PNG_fuzzer ffmpeg_AV_CODEC_ID_MPL2_fuzzer ffmpeg_dem_PDV_fuzzer ffmpeg_AV_CODEC_ID_ADPCM_IMA_DAT4_fuzzer ffmpeg_dem_ASF_O_fuzzer ffmpeg_AV_CODEC_ID_FITS_fuzzer ffmpeg_AV_CODEC_ID_SIREN_fuzzer ffmpeg_dem_KVAG_fuzzer ffmpeg_AV_CODEC_ID_TDSC_fuzzer ffmpeg_AV_CODEC_ID_VC1_fuzzer ffmpeg_AV_CODEC_ID_EATGQ_fuzzer ffmpeg_dem_HCA_fuzzer ffmpeg_AV_CODEC_ID_PAM_fuzzer ffmpeg_AV_CODEC_ID_PIXLET_fuzzer ffmpeg_dem_TRUEHD_fuzzer ffmpeg_AV_CODEC_ID_MP3_fuzzer ffmpeg_dem_CODEC2RAW_fuzzer ffmpeg_AV_CODEC_ID_RKA_fuzzer ffmpeg_AV_CODEC_ID_MOTIONPIXELS_fuzzer ffmpeg_AV_CODEC_ID_ADPCM_IMA_APC_fuzzer ffmpeg_dem_MPSUB_fuzzer ffmpeg_dem_MCC_fuzzer ffmpeg_AV_CODEC_ID_ANSI_fuzzer ffmpeg_AV_CODEC_ID_MSMPEG4V1_fuzzer ffmpeg_AV_CODEC_ID_HNM4_VIDEO_fuzzer ffmpeg_BSF_VVC_MP4TOANNEXB_fuzzer ffmpeg_AV_CODEC_ID_FRAPS_fuzzer ffmpeg_AV_CODEC_ID_JPEG2000_fuzzer ffmpeg_AV_CODEC_ID_WAVPACK_fuzzer ffmpeg_dem_HCOM_fuzzer ffmpeg_BSF_OPUS_METADATA_fuzzer ffmpeg_dem_RAWVIDEO_fuzzer ffmpeg_AV_CODEC_ID_PCM_S24DAUD_fuzzer ffmpeg_AV_CODEC_ID_MP1_fuzzer ffmpeg_dem_PCM_MULAW_fuzzer ffmpeg_AV_CODEC_ID_PCM_S32LE_PLANAR_fuzzer ffmpeg_dem_IMAGE_QDRAW_PIPE_fuzzer ffmpeg_AV_CODEC_ID_TEXT_fuzzer ffmpeg_dem_SMUSH_fuzzer ffmpeg_dem_LUODAT_fuzzer ffmpeg_AV_CODEC_ID_SGI_fuzzer ffmpeg_AV_CODEC_ID_INTERPLAY_ACM_fuzzer ffmpeg_dem_BFI_fuzzer ffmpeg_BSF_PRORES_METADATA_fuzzer ffmpeg_dem_IVR_fuzzer ffmpeg_AV_CODEC_ID_NELLYMOSER_fuzzer ffmpeg_dem_EPAF_fuzzer ffmpeg_dem_XA_fuzzer ffmpeg_dem_QOA_fuzzer ffmpeg_AV_CODEC_ID_SCREENPRESSO_fuzzer ffmpeg_dem_WSAUD_fuzzer ffmpeg_AV_CODEC_ID_ATRAC3P_fuzzer ffmpeg_dem_G726_fuzzer ffmpeg_AV_CODEC_ID_ADPCM_EA_MAXIS_XA_fuzzer ffmpeg_dem_DSICIN_fuzzer ffmpeg_AV_CODEC_ID_VORBIS_fuzzer ffmpeg_dem_DNXHD_fuzzer ffmpeg_dem_JACOSUB_fuzzer ffmpeg_dem_WADY_fuzzer ffmpeg_dem_DFA_fuzzer ffmpeg_AV_CODEC_ID_MSS1_fuzzer ffmpeg_dem_ARGO_ASF_fuzzer ffmpeg_AV_CODEC_ID_MP3FLOAT_fuzzer ffmpeg_BSF_AV1_FRAME_SPLIT_fuzzer ffmpeg_AV_CODEC_ID_SMACKER_fuzzer ffmpeg_AV_CODEC_ID_MAGICYUV_fuzzer ffmpeg_BSF_MOV2TEXTSUB_fuzzer ffmpeg_AV_CODEC_ID_WEBP_fuzzer ffmpeg_dem_WSD_fuzzer ffmpeg_dem_DHAV_fuzzer ffmpeg_dem_G723_1_fuzzer ffmpeg_AV_CODEC_ID_GIF_fuzzer ffmpeg_AV_CODEC_ID_APTX_fuzzer ffmpeg_AV_CODEC_ID_HCA_fuzzer ffmpeg_AV_CODEC_ID_WMV3IMAGE_fuzzer ffmpeg_AV_CODEC_ID_ADPCM_IMA_RAD_fuzzer ffmpeg_AV_CODEC_ID_LIBVPX_VP8_fuzzer ffmpeg_AV_CODEC_ID_DVDSUB_fuzzer ffmpeg_AV_CODEC_ID_ACELP_KELVIN_fuzzer ffmpeg_AV_CODEC_ID_MSMPEG4V2_fuzzer ffmpeg_dem_LAF_fuzzer ffmpeg_AV_CODEC_ID_MSS2_fuzzer ffmpeg_AV_CODEC_ID_ADPCM_IMA_ALP_fuzzer ffmpeg_AV_CODEC_ID_MJPEG_fuzzer ffmpeg_AV_CODEC_ID_LOCO_fuzzer ffmpeg_AV_CODEC_ID_V308_fuzzer ffmpeg_dem_CAVSVIDEO_fuzzer ffmpeg_AV_CODEC_ID_ADPCM_G726_fuzzer ffmpeg_AV_CODEC_ID_VC2_fuzzer ffmpeg_AV_CODEC_ID_FLIC_fuzzer ffmpeg_BSF_PGS_FRAME_MERGE_fuzzer ffmpeg_AV_CODEC_ID_ADPCM_4XM_fuzzer ffmpeg_dem_RCWT_fuzzer ffmpeg_dem_PCM_F32LE_fuzzer ffmpeg_dem_KUX_fuzzer ffmpeg_dem_DATA_fuzzer ffmpeg_AV_CODEC_ID_DIRAC_fuzzer ffmpeg_BSF_FILTER_UNITS_fuzzer ffmpeg_BSF_NULL_fuzzer ffmpeg_AV_CODEC_ID_ZLIB_fuzzer ffmpeg_AV_CODEC_ID_XL_fuzzer ffmpeg_dem_VC1_fuzzer ffmpeg_AV_CODEC_ID_HYMT_fuzzer ffmpeg_AV_CODEC_ID_SMC_fuzzer ffmpeg_AV_CODEC_ID_ADPCM_AGM_fuzzer ffmpeg_dem_EVC_fuzzer ffmpeg_AV_CODEC_ID_MSZH_fuzzer ffmpeg_dem_REALTEXT_fuzzer ffmpeg_AV_CODEC_ID_PRORES_KS_fuzzer ffmpeg_dem_FOURXM_fuzzer ffmpeg_AV_CODEC_ID_TWINVQ_fuzzer ffmpeg_dem_PCM_F64LE_fuzzer ffmpeg_AV_CODEC_ID_DVAUDIO_fuzzer ffmpeg_dem_PCM_ALAW_fuzzer ffmpeg_AV_CODEC_ID_H264_V4L2M2M_fuzzer ffmpeg_AV_CODEC_ID_ADPCM_IMA_OKI_fuzzer ffmpeg_AV_CODEC_ID_AGM_fuzzer ffmpeg_AV_CODEC_ID_BMP_fuzzer ffmpeg_BSF_VP9_METADATA_fuzzer ffmpeg_AV_CODEC_ID_AMRWB_fuzzer ffmpeg_dem_ASS_fuzzer ffmpeg_BSF_DTS2PTS_fuzzer ffmpeg_AV_CODEC_ID_MP2FLOAT_fuzzer ffmpeg_AV_CODEC_ID_PCM_U16LE_fuzzer ffmpeg_AV_CODEC_ID_IMM5_fuzzer ffmpeg_AV_CODEC_ID_PCM_U16BE_fuzzer ffmpeg_AV_CODEC_ID_STL_fuzzer ffmpeg_AV_CODEC_ID_PCM_U32BE_fuzzer ffmpeg_AV_CODEC_ID_ZERO12V_fuzzer ffmpeg_dem_TTA_fuzzer ffmpeg_AV_CODEC_ID_PCM_S24LE_fuzzer ffmpeg_AV_CODEC_ID_SCPR_fuzzer ffmpeg_AV_CODEC_ID_VP7_fuzzer ffmpeg_BSF_VP9_RAW_REORDER_fuzzer ffmpeg_AV_CODEC_ID_VQA_fuzzer ffmpeg_AV_CODEC_ID_IFF_ILBM_fuzzer ffmpeg_AV_CODEC_ID_MSMPEG4V3_fuzzer ffmpeg_dem_CINE_fuzzer ffmpeg_dem_IPU_fuzzer ffmpeg_AV_CODEC_ID_PCM_S32BE_fuzzer ffmpeg_dem_GIF_fuzzer ffmpeg_dem_BOA_fuzzer ffmpeg_AV_CODEC_ID_WRAPPED_AVFRAME_fuzzer ffmpeg_dem_IMAGE_JPEG_PIPE_fuzzer ffmpeg_AV_CODEC_ID_LIBTHEORA_fuzzer ffmpeg_AV_CODEC_ID_ADPCM_IMA_MTF_fuzzer ffmpeg_AV_CODEC_ID_SHORTEN_fuzzer ffmpeg_BSF_HAPQA_EXTRACT_fuzzer ffmpeg_AV_CODEC_ID_VC1_V4L2M2M_fuzzer ffmpeg_AV_CODEC_ID_EATQI_fuzzer ffmpeg_BSF_NOISE_fuzzer ffmpeg_dem_VOBSUB_fuzzer ffmpeg_AV_CODEC_ID_MSP2_fuzzer ffmpeg_AV_CODEC_ID_PCM_S16LE_PLANAR_fuzzer ffmpeg_AV_CODEC_ID_TAK_fuzzer ffmpeg_AV_CODEC_ID_TRUESPEECH_fuzzer ffmpeg_AV_CODEC_ID_ESCAPE130_fuzzer ffmpeg_AV_CODEC_ID_INDEO5_fuzzer ffmpeg_AV_CODEC_ID_XMA1_fuzzer ffmpeg_BSF_PCM_RECHUNK_fuzzer ffmpeg_AV_CODEC_ID_R10K_fuzzer ffmpeg_BSF_EVC_FRAME_MERGE_fuzzer ffmpeg_BSF_EXTRACT_EXTRADATA_fuzzer ffmpeg_AV_CODEC_ID_ADPCM_IMA_APM_fuzzer ffmpeg_AV_CODEC_ID_SOL_DPCM_fuzzer ffmpeg_AV_CODEC_ID_PAF_AUDIO_fuzzer ffmpeg_dem_MSF_fuzzer ffmpeg_AV_CODEC_ID_LIBOPUS_fuzzer ffmpeg_dem_RL2_fuzzer ffmpeg_AV_CODEC_ID_DSS_SP_fuzzer ffmpeg_dem_IMAGE_EXR_PIPE_fuzzer ffmpeg_AV_CODEC_ID_DPX_fuzzer ffmpeg_AV_CODEC_ID_ADPCM_IMA_DK3_fuzzer ffmpeg_dem_BMV_fuzzer ffmpeg_AV_CODEC_ID_MSRLE_fuzzer ffmpeg_dem_BETHSOFTVID_fuzzer ffmpeg_AV_CODEC_ID_DDS_fuzzer ffmpeg_dem_SAMI_fuzzer ffmpeg_AV_CODEC_ID_EAC3_fuzzer ffmpeg_dem_SGA_fuzzer ffmpeg_AV_CODEC_ID_EXR_fuzzer ffmpeg_AV_CODEC_ID_MPEG1VIDEO_fuzzer ffmpeg_AV_CODEC_ID_ADPCM_MTAF_fuzzer ffmpeg_dem_S337M_fuzzer ffmpeg_AV_CODEC_ID_V408_fuzzer ffmpeg_AV_CODEC_ID_VMNC_fuzzer ffmpeg_dem_MPJPEG_fuzzer ffmpeg_AV_CODEC_ID_ARGO_fuzzer ffmpeg_AV_CODEC_ID_COMFORTNOISE_fuzzer ffmpeg_dem_MTAF_fuzzer ffmpeg_dem_AV1_fuzzer ffmpeg_AV_CODEC_ID_VPLAYER_fuzzer ffmpeg_AV_CODEC_ID_PGMYUV_fuzzer ffmpeg_AV_CODEC_ID_VCR1_fuzzer ffmpeg_dem_FFMETADATA_fuzzer ffmpeg_AV_CODEC_ID_CDGRAPHICS_fuzzer ffmpeg_dem_MUSX_fuzzer ffmpeg_AV_CODEC_ID_MPC8_fuzzer ffmpeg_AV_CODEC_ID_SHEERVIDEO_fuzzer ffmpeg_AV_CODEC_ID_EVRC_fuzzer ffmpeg_dem_CODEC2_fuzzer ffmpeg_AV_CODEC_ID_PCM_F32BE_fuzzer ffmpeg_dem_IMF_fuzzer ffmpeg_dem_MPEGTS_fuzzer ffmpeg_dem_SVAG_fuzzer ffmpeg_dem_GSM_fuzzer ffmpeg_dem_MOFLEX_fuzzer ffmpeg_AV_CODEC_ID_XBIN_fuzzer ffmpeg_dem_SIFF_fuzzer ffmpeg_AV_CODEC_ID_ADPCM_EA_fuzzer ffmpeg_BSF_VP9_SUPERFRAME_fuzzer ffmpeg_AV_CODEC_ID_MSCC_fuzzer ffmpeg_dem_IMAGE_PCX_PIPE_fuzzer ffmpeg_AV_CODEC_ID_BINK_fuzzer ffmpeg_AV_CODEC_ID_DVVIDEO_fuzzer ffmpeg_dem_SBG_fuzzer ffmpeg_AV_CODEC_ID_QDRAW_fuzzer ffmpeg_dem_IDF_fuzzer ffmpeg_AV_CODEC_ID_MSVIDEO1_fuzzer ffmpeg_dem_PCM_VIDC_fuzzer ffmpeg_AV_CODEC_ID_MPEG4_fuzzer ffmpeg_dem_MVI_fuzzer ffmpeg_dem_DSF_fuzzer ffmpeg_AV_CODEC_ID_ADPCM_PSX_fuzzer ffmpeg_BSF_VVC_METADATA_fuzzer ffmpeg_dem_BONK_fuzzer ffmpeg_dem_IMAGE2_BRENDER_PIX_fuzzer ffmpeg_AV_CODEC_ID_RTV1_fuzzer ffmpeg_AV_CODEC_ID_Y41P_fuzzer ffmpeg_AV_CODEC_ID_PHM_fuzzer ffmpeg_AV_CODEC_ID_MJPEGB_fuzzer ffmpeg_BSF_REMOVE_EXTRADATA_fuzzer ffmpeg_dem_NC_fuzzer ffmpeg_AV_CODEC_ID_VMDVIDEO_fuzzer ffmpeg_dem_IMAGE_QOI_PIPE_fuzzer ffmpeg_dem_M4V_fuzzer ffmpeg_AV_CODEC_ID_ALAC_fuzzer ffmpeg_dem_FRM_fuzzer ffmpeg_dem_PCM_S16BE_fuzzer ffmpeg_AV_CODEC_ID_EATGV_fuzzer ffmpeg_dem_WAVARC_fuzzer ffmpeg_dem_DIRAC_fuzzer ffmpeg_AV_CODEC_ID_PCM_S64BE_fuzzer ffmpeg_dem_HEVC_fuzzer ffmpeg_AV_CODEC_ID_APTX_HD_fuzzer ffmpeg_AV_CODEC_ID_AVRP_fuzzer ffmpeg_AV_CODEC_ID_AMV_fuzzer ffmpeg_dem_LVF_fuzzer ffmpeg_AV_CODEC_ID_FMVC_fuzzer ffmpeg_dem_IMAGE_PFM_PIPE_fuzzer ffmpeg_AV_CODEC_ID_SIPR_fuzzer ffmpeg_AV_CODEC_ID_MVDV_fuzzer ffmpeg_dem_HNM_fuzzer ffmpeg_AV_CODEC_ID_DSICINAUDIO_fuzzer ffmpeg_AV_CODEC_ID_MIMIC_fuzzer ffmpeg_dem_IMAGE_PHOTOCD_PIPE_fuzzer ffmpeg_dem_IAMF_fuzzer ffmpeg_AV_CODEC_ID_PROSUMER_fuzzer ffmpeg_AV_CODEC_ID_METASOUND_fuzzer ffmpeg_AV_CODEC_ID_SGA_fuzzer ffmpeg_AV_CODEC_ID_ADPCM_IMA_CUNNING_fuzzer ffmpeg_dem_BFSTM_fuzzer ffmpeg_AV_CODEC_ID_ADPCM_IMA_ACORN_fuzzer ffmpeg_dem_SDS_fuzzer ffmpeg_AV_CODEC_ID_PCM_S16LE_fuzzer ffmpeg_AV_CODEC_ID_PJS_fuzzer ffmpeg_AV_CODEC_ID_ADPCM_DTK_fuzzer ffmpeg_dem_AVS2_fuzzer ffmpeg_AV_CODEC_ID_PRORES_fuzzer ffmpeg_AV_CODEC_ID_MV30_fuzzer ffmpeg_dem_IMAGE_GIF_PIPE_fuzzer ffmpeg_AV_CODEC_ID_IDF_fuzzer ffmpeg_dem_DVBSUB_fuzzer ffmpeg_dem_WEBVTT_fuzzer ffmpeg_dem_BRSTM_fuzzer ffmpeg_dem_EA_fuzzer ffmpeg_AV_CODEC_ID_ASV2_fuzzer ffmpeg_DEMUXER_fuzzer ffmpeg_AV_CODEC_ID_MOBICLIP_fuzzer ffmpeg_dem_AIFF_fuzzer ffmpeg_dem_REDSPARK_fuzzer ffmpeg_AV_CODEC_ID_SIMBIOSIS_IMX_fuzzer ffmpeg_dem_IPMOVIE_fuzzer ffmpeg_AV_CODEC_ID_LIBFDK_AAC_fuzzer ffmpeg_AV_CODEC_ID_G729_fuzzer ffmpeg_dem_GXF_fuzzer ffmpeg_AV_CODEC_ID_ADPCM_SWF_fuzzer ffmpeg_AV_CODEC_ID_YOP_fuzzer ffmpeg_AV_CODEC_ID_FTR_fuzzer ffmpeg_dem_DFPWM_fuzzer ffmpeg_AV_CODEC_ID_LEAD_fuzzer ffmpeg_dem_SIMBIOSIS_IMX_fuzzer ffmpeg_dem_IMAGE_JPEGXL_PIPE_fuzzer ffmpeg_AV_CODEC_ID_ADPCM_SBPRO_2_fuzzer ffmpeg_dem_V210_fuzzer ffmpeg_dem_NSV_fuzzer ffmpeg_AV_CODEC_ID_M101_fuzzer ffmpeg_dem_W64_fuzzer ffmpeg_AV_CODEC_ID_DFA_fuzzer ffmpeg_dem_DERF_fuzzer ffmpeg_AV_CODEC_ID_ANULL_fuzzer ffmpeg_AV_CODEC_ID_DOLBY_E_fuzzer ffmpeg_AV_CODEC_ID_SGIRLE_fuzzer ffmpeg_AV_CODEC_ID_GSM_fuzzer ffmpeg_dem_IMAGE_XPM_PIPE_fuzzer ffmpeg_dem_IVF_fuzzer ffmpeg_dem_ARGO_BRP_fuzzer ffmpeg_AV_CODEC_ID_A64MULTI_fuzzer ffmpeg_AV_CODEC_ID_CLEARVIDEO_fuzzer ffmpeg_AV_CODEC_ID_CRI_fuzzer ffmpeg_dem_AIX_fuzzer ffmpeg_dem_YOP_fuzzer ffmpeg_dem_FSB_fuzzer ffmpeg_AV_CODEC_ID_APE_fuzzer ffmpeg_AV_CODEC_ID_ADPCM_IMA_QT_fuzzer ffmpeg_AV_CODEC_ID_H263P_fuzzer ffmpeg_dem_RM_fuzzer ffmpeg_AV_CODEC_ID_ADPCM_G722_fuzzer ffmpeg_dem_VIVIDAS_fuzzer ffmpeg_dem_QCP_fuzzer ffmpeg_AV_CODEC_ID_ADPCM_IMA_WAV_fuzzer ffmpeg_AV_CODEC_ID_IAC_fuzzer ffmpeg_AV_CODEC_ID_MACE3_fuzzer ffmpeg_AV_CODEC_ID_MSNSIREN_fuzzer ffmpeg_AV_CODEC_ID_ARBC_fuzzer ffmpeg_dem_MPEGPS_fuzzer ffmpeg_dem_IMAGE_VBN_PIPE_fuzzer ffmpeg_dem_DXA_fuzzer ffmpeg_dem_PCM_F64BE_fuzzer ffmpeg_dem_TAK_fuzzer ffmpeg_AV_CODEC_ID_QOI_fuzzer ffmpeg_dem_AVS3_fuzzer ffmpeg_dem_XVAG_fuzzer ffmpeg_AV_CODEC_ID_AV1_fuzzer ffmpeg_dem_BIT_fuzzer ffmpeg_dem_SVS_fuzzer ffmpeg_dem_IMAGE_JPEGLS_PIPE_fuzzer ffmpeg_dem_MICRODVD_fuzzer ffmpeg_dem_MJPEG_2000_fuzzer ffmpeg_AV_CODEC_ID_VP4_fuzzer ffmpeg_AV_CODEC_ID_QCELP_fuzzer ffmpeg_dem_LRC_fuzzer ffmpeg_dem_BINK_fuzzer ffmpeg_AV_CODEC_ID_SVQ3_fuzzer ffmpeg_AV_CODEC_ID_ADPCM_XMD_fuzzer ffmpeg_dem_AQTITLE_fuzzer ffmpeg_AV_CODEC_ID_RV30_fuzzer ffmpeg_AV_CODEC_ID_FIC_fuzzer ffmpeg_AV_CODEC_ID_TTA_fuzzer ffmpeg_AV_CODEC_ID_LSCR_fuzzer ffmpeg_AV_CODEC_ID_AC3_fuzzer ffmpeg_AV_CODEC_ID_ADPCM_EA_XAS_fuzzer ffmpeg_AV_CODEC_ID_VB_fuzzer ffmpeg_dem_PCM_S24LE_fuzzer ffmpeg_BSF_SHOWINFO_fuzzer ffmpeg_dem_IMAGE_PICTOR_PIPE_fuzzer ffmpeg_dem_IMAGE_GEM_PIPE_fuzzer ffmpeg_dem_SDNS_fuzzer ffmpeg_dem_RKA_fuzzer ffmpeg_AV_CODEC_ID_ATRAC3AL_fuzzer ffmpeg_AV_CODEC_ID_IPU_fuzzer ffmpeg_dem_LIVE_FLV_fuzzer ffmpeg_AV_CODEC_ID_VMDAUDIO_fuzzer ffmpeg_AV_CODEC_ID_VP9_V4L2M2M_fuzzer ffmpeg_dem_IMAGE_PGX_PIPE_fuzzer ffmpeg_dem_MODS_fuzzer ffmpeg_AV_CODEC_ID_WMAV2_fuzzer ffmpeg_dem_SUBVIEWER1_fuzzer ffmpeg_AV_CODEC_ID_CAVS_fuzzer ffmpeg_AV_CODEC_ID_PCM_F32LE_fuzzer ffmpeg_dem_IMAGE_HDR_PIPE_fuzzer ffmpeg_AV_CODEC_ID_AAC_LATM_fuzzer ffmpeg_dem_AC4_fuzzer ffmpeg_dem_ALP_fuzzer ffmpeg_AV_CODEC_ID_CBD2_DPCM_fuzzer ffmpeg_dem_IMAGE2_fuzzer ffmpeg_dem_PCM_F32BE_fuzzer ffmpeg_AV_CODEC_ID_THEORA_fuzzer ffmpeg_dem_SEGAFILM_fuzzer ffmpeg_dem_CDG_fuzzer ffmpeg_AV_CODEC_ID_ROQ_fuzzer ffmpeg_AV_CODEC_ID_OSQ_fuzzer ffmpeg_AV_CODEC_ID_LAGARITH_fuzzer ffmpeg_AV_CODEC_ID_DERF_DPCM_fuzzer ffmpeg_AV_CODEC_ID_ADPCM_IMA_SSI_fuzzer ffmpeg_AV_CODEC_ID_ADPCM_SBPRO_3_fuzzer ffmpeg_AV_CODEC_ID_ADPCM_AICA_fuzzer ffmpeg_AV_CODEC_ID_VVC_fuzzer ffmpeg_AV_CODEC_ID_TRUEMOTION2RT_fuzzer ffmpeg_AV_CODEC_ID_FFVHUFF_fuzzer ffmpeg_AV_CODEC_ID_MPEG2_V4L2M2M_fuzzer ffmpeg_dem_MPC8_fuzzer ffmpeg_dem_ADX_fuzzer ffmpeg_AV_CODEC_ID_RV10_fuzzer ffmpeg_AV_CODEC_ID_MPEG2VIDEO_fuzzer ffmpeg_AV_CODEC_ID_AAC_fuzzer ffmpeg_dem_DSS_fuzzer ffmpeg_AV_CODEC_ID_CLLC_fuzzer ffmpeg_AV_CODEC_ID_PGSSUB_fuzzer ffmpeg_AV_CODEC_ID_SVQ1_fuzzer ffmpeg_dem_SCC_fuzzer ffmpeg_dem_AC3_fuzzer ffmpeg_AV_CODEC_ID_NOTCHLC_fuzzer ffmpeg_dem_MPL2_fuzzer ffmpeg_AV_CODEC_ID_LIBVORBIS_fuzzer ffmpeg_AV_CODEC_ID_ADPCM_IMA_EA_SEAD_fuzzer ffmpeg_AV_CODEC_ID_UTVIDEO_fuzzer ffmpeg_dem_FLIC_fuzzer ffmpeg_dem_ILBC_fuzzer ffmpeg_dem_WAV_fuzzer ffmpeg_dem_OBU_fuzzer ffmpeg_AV_CODEC_ID_FLV_fuzzer ffmpeg_AV_CODEC_ID_KGV1_fuzzer ffmpeg_AV_CODEC_ID_CYUV_fuzzer ffmpeg_AV_CODEC_ID_MLP_fuzzer ffmpeg_dem_DTSHD_fuzzer ffmpeg_AV_CODEC_ID_ADPCM_IMA_EA_EACS_fuzzer ffmpeg_dem_TXD_fuzzer ffmpeg_dem_IFF_fuzzer ffmpeg_AV_CODEC_ID_RSCC_fuzzer ffmpeg_dem_IMAGE_CRI_PIPE_fuzzer ffmpeg_AV_CODEC_ID_FLASHSV_fuzzer ffmpeg_dem_IMAGE_SGI_PIPE_fuzzer ffmpeg_AV_CODEC_ID_GREMLIN_DPCM_fuzzer ffmpeg_BSF_AV1_FRAME_MERGE_fuzzer ffmpeg_BSF_AAC_ADTSTOASC_fuzzer ffmpeg_AV_CODEC_ID_WS_SND1_fuzzer ffmpeg_AV_CODEC_ID_ALIAS_PIX_fuzzer ffmpeg_AV_CODEC_ID_DFPWM_fuzzer ffmpeg_AV_CODEC_ID_SONIC_fuzzer ffmpeg_AV_CODEC_ID_PBM_fuzzer ffmpeg_AV_CODEC_ID_BFI_fuzzer ffmpeg_AV_CODEC_ID_DSD_MSBF_PLANAR_fuzzer ffmpeg_dem_SMJPEG_fuzzer ffmpeg_AV_CODEC_ID_LIBVPX_VP9_fuzzer ffmpeg_dem_G722_fuzzer ffmpeg_AV_CODEC_ID_MVC1_fuzzer ffmpeg_AV_CODEC_ID_ADPCM_EA_R1_fuzzer ffmpeg_AV_CODEC_ID_DSD_MSBF_fuzzer ffmpeg_AV_CODEC_ID_BRENDER_PIX_fuzzer ffmpeg_dem_YUV4MPEGPIPE_fuzzer ffmpeg_AV_CODEC_ID_TMV_fuzzer ffmpeg_AV_CODEC_ID_INTERPLAY_VIDEO_fuzzer ffmpeg_AV_CODEC_ID_QTRLE_fuzzer ffmpeg_dem_CDXL_fuzzer ffmpeg_dem_IMAGE_PGM_PIPE_fuzzer ffmpeg_AV_CODEC_ID_HQX_fuzzer ffmpeg_dem_SUP_fuzzer ffmpeg_dem_AVI_fuzzer ffmpeg_AV_CODEC_ID_CDXL_fuzzer ffmpeg_AV_CODEC_ID_VMIX_fuzzer ffmpeg_dem_LOAS_fuzzer ffmpeg_AV_CODEC_ID_CLJR_fuzzer ffmpeg_dem_ACE_fuzzer ffmpeg_dem_APAC_fuzzer ffmpeg_AV_CODEC_ID_VP8_V4L2M2M_fuzzer ffmpeg_AV_CODEC_ID_R210_fuzzer ffmpeg_AV_CODEC_ID_PCM_S8_fuzzer ffmpeg_AV_CODEC_ID_VBLE_fuzzer ffmpeg_dem_WV_fuzzer ffmpeg_AV_CODEC_ID_SRGC_fuzzer ffmpeg_AV_CODEC_ID_DXA_fuzzer ffmpeg_dem_DV_fuzzer ffmpeg_dem_MPEGVIDEO_fuzzer ffmpeg_dem_VVC_fuzzer ffmpeg_dem_BITPACKED_fuzzer ffmpeg_AV_CODEC_ID_FFWAVESYNTH_fuzzer ffmpeg_dem_PCM_S32LE_fuzzer ffmpeg_AV_CODEC_ID_MP3ADU_fuzzer ffmpeg_dem_XWMA_fuzzer ffmpeg_AV_CODEC_ID_WMAV1_fuzzer ffmpeg_AV_CODEC_ID_SUBVIEWER_fuzzer ffmpeg_AV_CODEC_ID_DXTORY_fuzzer ffmpeg_AV_CODEC_ID_MP3ON4FLOAT_fuzzer ffmpeg_AV_CODEC_ID_BMV_AUDIO_fuzzer ffmpeg_dem_MSP_fuzzer ffmpeg_AV_CODEC_ID_GSM_MS_fuzzer ffmpeg_AV_CODEC_ID_SRT_fuzzer ffmpeg_dem_PP_BNK_fuzzer ffmpeg_dem_LXF_fuzzer ffmpeg_AV_CODEC_ID_FLASHSV2_fuzzer ffmpeg_dem_PJS_fuzzer ffmpeg_dem_PVA_fuzzer ffmpeg_AV_CODEC_ID_PCM_LXF_fuzzer ffmpeg_dem_JPEGXL_ANIM_fuzzer ffmpeg_AV_CODEC_ID_WAVARC_fuzzer ffmpeg_AV_CODEC_ID_H261_fuzzer ffmpeg_dem_IMAGE_SVG_PIPE_fuzzer ffmpeg_dem_MATROSKA_fuzzer ffmpeg_dem_SDX_fuzzer ffmpeg_dem_ACM_fuzzer ffmpeg_AV_CODEC_ID_MPC7_fuzzer ffmpeg_dem_IMAGE_TIFF_PIPE_fuzzer ffmpeg_dem_SBC_fuzzer ffmpeg_AV_CODEC_ID_H263_V4L2M2M_fuzzer ffmpeg_AV_CODEC_ID_CFHD_fuzzer ffmpeg_AV_CODEC_ID_PDV_fuzzer ffmpeg_AV_CODEC_ID_ATRAC9_fuzzer ffmpeg_dem_VAG_fuzzer ffmpeg_dem_PCM_U24LE_fuzzer ffmpeg_dem_NSP_fuzzer ffmpeg_dem_H263_fuzzer ffmpeg_dem_VOC_fuzzer ffmpeg_dem_H264_fuzzer ffmpeg_dem_USM_fuzzer ffmpeg_dem_LMLM4_fuzzer ffmpeg_AV_CODEC_ID_PCM_F24LE_fuzzer ffmpeg_AV_CODEC_ID_PRORES_AW_fuzzer ffmpeg_dem_AU_fuzzer ffmpeg_AV_CODEC_ID_MISC4_fuzzer ffmpeg_AV_CODEC_ID_VQC_fuzzer ffmpeg_dem_PCM_S8_fuzzer ffmpeg_AV_CODEC_ID_EACMV_fuzzer ffmpeg_AV_CODEC_ID_FLAC_fuzzer ffmpeg_AV_CODEC_ID_EIGHTSVX_FIB_fuzzer ffmpeg_AV_CODEC_ID_XMA2_fuzzer ffmpeg_AV_CODEC_ID_ADPCM_G726LE_fuzzer ffmpeg_AV_CODEC_ID_C93_fuzzer ffmpeg_AV_CODEC_ID_EAMAD_fuzzer ffmpeg_AV_CODEC_ID_MP2_fuzzer ffmpeg_AV_CODEC_ID_BETHSOFTVID_fuzzer ffmpeg_AV_CODEC_ID_SONIC_LS_fuzzer ffmpeg_AV_CODEC_ID_WMV2_fuzzer ffmpeg_AV_CODEC_ID_VP5_fuzzer ffmpeg_AV_CODEC_ID_MPEGVIDEO_fuzzer ffmpeg_AV_CODEC_ID_MP1FLOAT_fuzzer ffmpeg_AV_CODEC_ID_PCM_SGA_fuzzer ffmpeg_AV_CODEC_ID_HCOM_fuzzer ffmpeg_dem_MCA_fuzzer ffmpeg_AV_CODEC_ID_ADPCM_IMA_MOFLEX_fuzzer ffmpeg_AV_CODEC_ID_NUV_fuzzer ffmpeg_AV_CODEC_ID_PAF_VIDEO_fuzzer ffmpeg_dem_MSNWC_TCP_fuzzer ffmpeg_AV_CODEC_ID_SPEEDHQ_fuzzer ffmpeg_dem_DTS_fuzzer ffmpeg_AV_CODEC_ID_VP9_fuzzer ffmpeg_dem_PAF_fuzzer ffmpeg_AV_CODEC_ID_PCM_F16LE_fuzzer ffmpeg_AV_CODEC_ID_ADPCM_ADX_fuzzer ffmpeg_AV_CODEC_ID_H263I_fuzzer ffmpeg_dem_TTY_fuzzer ffmpeg_dem_FILMSTRIP_fuzzer ffmpeg_AV_CODEC_ID_JACOSUB_fuzzer ffmpeg_dem_VMD_fuzzer ffmpeg_AV_CODEC_ID_PCM_S16BE_PLANAR_fuzzer ffmpeg_AV_CODEC_ID_ATRAC3PAL_fuzzer ffmpeg_dem_PCM_U32LE_fuzzer ffmpeg_dem_SHORTEN_fuzzer ffmpeg_dem_STL_fuzzer ffmpeg_AV_CODEC_ID_TSCC_fuzzer ffmpeg_AV_CODEC_ID_MDEC_fuzzer ffmpeg_AV_CODEC_ID_ROQ_DPCM_fuzzer ffmpeg_AV_CODEC_ID_VP6_fuzzer ffmpeg_dem_MJPEG_fuzzer ffmpeg_AV_CODEC_ID_JPEGLS_fuzzer ffmpeg_AV_CODEC_ID_ESCAPE124_fuzzer ffmpeg_dem_AST_fuzzer ffmpeg_AV_CODEC_ID_PCM_ALAW_fuzzer ffmpeg_dem_IMAGE2_ALIAS_PIX_fuzzer ffmpeg_AV_CODEC_ID_DVBSUB_fuzzer ffmpeg_AV_CODEC_ID_WBMP_fuzzer ffmpeg_dem_VIVO_fuzzer ffmpeg_AV_CODEC_ID_IMM4_fuzzer ffmpeg_AV_CODEC_ID_FRWU_fuzzer ffmpeg_dem_XMD_fuzzer ffmpeg_AV_CODEC_ID_ADPCM_CT_fuzzer ffmpeg_AV_CODEC_ID_OPUS_fuzzer ffmpeg_dem_DAUD_fuzzer ffmpeg_AV_CODEC_ID_QPEG_fuzzer ffmpeg_dem_AVS_fuzzer ffmpeg_dem_NUV_fuzzer ffmpeg_AV_CODEC_ID_WMV1_fuzzer ffmpeg_dem_MPEGTSRAW_fuzzer ffmpeg_AV_CODEC_ID_ZMBV_fuzzer ffmpeg_AV_CODEC_ID_ADPCM_EA_R3_fuzzer ffmpeg_BSF_CHOMP_fuzzer ffmpeg_AV_CODEC_ID_SDX2_DPCM_fuzzer ffmpeg_dem_DCSTR_fuzzer ffmpeg_dem_AVR_fuzzer ffmpeg_AV_CODEC_ID_TRUEMOTION1_fuzzer ffmpeg_AV_CODEC_ID_AURA_fuzzer ffmpeg_dem_PCM_U24BE_fuzzer ffmpeg_dem_APC_fuzzer ffmpeg_AV_CODEC_ID_FFV1_fuzzer ffmpeg_BSF_H264_METADATA_fuzzer ffmpeg_dem_PCM_U16BE_fuzzer ffmpeg_dem_PCM_S32BE_fuzzer ffmpeg_dem_SRT_fuzzer ffmpeg_dem_PCM_S24BE_fuzzer
imagemagick,c++,encoder_vicar_fuzzer encoder_ttf_fuzzer encoder_pdfa_fuzzer encoder_dpx_fuzzer encoder_mtv_fuzzer gs encoder_bmp_fuzzer huffman_decode_fuzzer encoder_dcm_fuzzer encoder_viff_fuzzer encoder_epsf_fuzzer encoder_pcl_fuzzer encoder_vid_fuzzer encoder_xps_fuzzer encoder_epsi_fuzzer encoder_jng_fuzzer encoder_g4_fuzzer encoder_rgf_fuzzer encoder_jps_fuzzer encoder_hald_fuzzer encoder_jpe_fuzzer encoder_pcds_fuzzer encoder_wbmp_fuzzer encoder_dds_fuzzer encoder_farbfeld_fuzzer encoder_yuv_fuzzer encoder_fax_fuzzer encoder_pcd_fuzzer encoder_ycbcra_fuzzer encoder_epi_fuzzer encoder_pix_fuzzer encoder_caption_fuzzer encoder_bmp2_fuzzer encoder_sixel_fuzzer encoder_rgb_fuzzer encoder_rle_fuzzer encoder_pdb_fuzzer encoder_heic_fuzzer encoder_miff_fuzzer encoder_pgx_fuzzer encoder_wpg_fuzzer encoder_rgba_fuzzer encoder_mvg_fuzzer encoder_ps_fuzzer encoder_tiff_fuzzer encoder_mask_fuzzer encoder_ai_fuzzer encoder_jpt_fuzzer encoder_fits_fuzzer encoder_plasma_fuzzer encoder_qoi_fuzzer encoder_pjpeg_fuzzer encoder_rgb565_fuzzer encoder_pocketmod_fuzzer encoder_cube_fuzzer encoder_eps_fuzzer encoder_dxt5_fuzzer encoder_mat_fuzzer encoder_tga_fuzzer encoder_hdr_fuzzer encoder_otb_fuzzer encoder_sun_fuzzer encoder_bgra_fuzzer encoder_bgro_fuzzer encoder_icon_fuzzer encoder_tile_fuzzer encoder_epdf_fuzzer encoder_strimg_fuzzer encoder_xbm_fuzzer encoder_sgi_fuzzer encoder_group4_fuzzer encoder_fl32_fuzzer encoder_scr_fuzzer encoder_gradient_fuzzer encoder_gif_fuzzer encoder_png24_fuzzer encoder_pes_fuzzer encoder_cmyka_fuzzer encoder_png32_fuzzer encoder_vips_fuzzer encoder_png_fuzzer encoder_ept_fuzzer encoder_pattern_fuzzer encoder_ptif_fuzzer encoder_cals_fuzzer encoder_xpm_fuzzer encoder_jpg_fuzzer encoder_bgr_fuzzer encoder_jp2_fuzzer encoder_gray_fuzzer encoder_mac_fuzzer encoder_png8_fuzzer encoder_pcx_fuzzer encoder_sct_fuzzer encoder_mpc_fuzzer encoder_map_fuzzer encoder_radial-gradient_fuzzer encoder_xc_fuzzer encoder_mpo_fuzzer encoder_bayer_fuzzer encoder_xcf_fuzzer encoder_palm_fuzzer encoder_dng_fuzzer encoder_webp_fuzzer encoder_jpeg_fuzzer encoder_mono_fuzzer encoder_jpc_fuzzer encoder_ipl_fuzzer encoder_pdf_fuzzer encoder_dxt1_fuzzer encoder_inline_fuzzer encoder_svg_fuzzer encoder_cin_fuzzer encoder_g3_fuzzer encoder_j2k_fuzzer encoder_mng_fuzzer encoder_pnm_fuzzer encoder_pwp_fuzzer encoder_avs_fuzzer encoder_cut_fuzzer encoder_rla_fuzzer encoder_clip_fuzzer encoder_ycbcr_fuzzer encoder_jxl_fuzzer encoder_tiff64_fuzzer encoder_j2c_fuzzer encoder_psd_fuzzer encoder_cmyk_fuzzer encoder_uyvy_fuzzer encoder_png64_fuzzer encoder_ept2_fuzzer encoder_rgbo_fuzzer encoder_pict_fuzzer encoder_png00_fuzzer encoder_jpm_fuzzer encoder_png48_fuzzer encoder_stegano_fuzzer encoder_label_fuzzer encoder_bmp3_fuzzer encoder_sfw_fuzzer encoder_hrz_fuzzer encoder_jnx_fuzzer encoder_ftxt_fuzzer encoder_aai_fuzzer encoder_tim_fuzzer ping_fuzzer encoder_art_fuzzer encoder_ept3_fuzzer
clamav,c++,clamav_scanmap_HTML_fuzzer clamav_scanmap_OLE2_fuzzer clamav_dbload_PDB_fuzzer clamav_scanfile_fuzzer clamav_scanmap_MAIL_fuzzer clamav_scanmap_PE_fuzzer clamav_dbload_FTM_fuzzer clamav_scanfile_MAIL_fuzzer clamav_scanmap_ARCHIVE_fuzzer clamav_scanmap_XMLDOCS_fuzzer clamav_dbload_IGN2_fuzzer clamav_scanfile_ARCHIVE_fuzzer clamav_scanfile_PE_fuzzer clamav_scanfile_XMLDOCS_fuzzer clamav_dbload_IGN_fuzzer clamav_scanmap_ELF_fuzzer clamav_scanmap_PDF_fuzzer clamav_dbload_MSB_fuzzer clamav_scanfile_HTML_fuzzer clamav_scanfile_OLE2_fuzzer clamav_scanfile_SWF_fuzzer clamav_scanmap_fuzzer clamav_dbload_CDB_fuzzer clamav_scanmap_SWF_fuzzer clamav_dbload_YARA_fuzzer clamav_dbload_HDB_fuzzer clamav_scanfile_PDF_fuzzer clamav_scanfile_ELF_fuzzer clamav_dbload_CFG_fuzzer clamav_dbload_IDB_fuzzer clamav_dbload_WDB_fuzzer clamav_scanmap_HWP3_fuzzer clamav_scanfile_HWP3_fuzzer clamav_dbload_CRB_fuzzer clamav_dbload_NDB_fuzzer clamav_dbload_HSB_fuzzer clamav_dbload_FP_fuzzer clamav_dbload_MDB_fuzzer clamav_dbload_LDB_fuzzer